J4016|U0001|C09SUBSNR:0 C09SNRARS:1 C30R:22 C3014R:4 C4112R:9 
J3002|USTC0001|C09SUBSNR:0 C09SNRARS:1 C30R:2 
J30026|USTC0001|C09SUBSNR:0 C09SNRPC:6 C30PC:4 
J3002|U0001|C09SUBSNR:0 C09SNRARS:1 C30R:22 C3014R:24 C30R:22 C3014R:24 C30R:22 C3014R:21 C3011R:2 
J4114|U0003|C09SUBSNR:0 C09SNRARS:1 C30R:22 C3014R:24 C30R:22 C3014R:24 C30R:22 C3014R:24 C30R:22 C3014R:24 C30R:22 C3014R:24 C30R:22 C3014R:21 C3011R:20 C4111R:7 
J41025||C09SUBSNR:0 C55:11 C4112ACCT:8 
J41025||C09SUBSNR:0 C09SNRARS:1 C30R:22 C3014R:24 C30R:22 C3014R:24 C30R:22 C3014R:24 C30R:22 C3014R:24 C30R:22 C3014R:24 C30R:22 C3014R:24 C30R:22 C3014R:24 C30R:22 C3014R:24 C30R:22 C3014R:24 C30R:22 C3014R:24 C30R:22 C3014R:24 C30R:22 C3014R:24 C30R:22 C3014R:4 C4112R:16 
J4105|U0001|C09SUBSNR:0 C09SNRARS:1 C30R:22 C3014R:24 C30R:22 C3014R:24 C30R:22 C3014R:24 C30R:22 C3014R:24 C30R:22 C3014R:24 C30R:22 C3014R:24 C30R:22 C3014R:24 C30R:22 C3014R:24 C30R:22 C3014R:24 C30R:22 C3014R:24 C30R:22 C3014R:4 C4112R:4 
J30835|USTR0001P|C09SUBSNR:0 C09SNRARS:1 C30R:22 C3014R:24 C30R:22 C3014R:24 C30R:22 C3014R:24 C30R:22 C3014R:24 C30R:22 C3014R:24 C30R:22 C3014R:24 C30R:22 C3014R:24 C30R:22 C3014R:24 C30R:22 C3014R:24 C30R:22 C3014R:24 C30R:22 C3014R:24 C30R:22 C3014R:12 C3031RSI:19 
J4112|U0001|C09SUBSNR:0 C09SNRARS:1 C30R:22 C3014R:24 C30R:22 C3014R:24 C30R:22 C3014R:24 C30R:22 C3014R:24 C30R:22 C3014R:24 C30R:22 C3014R:24 C30R:22 C3014R:24 C30R:22 C3014R:24 C30R:22 C3014R:24 C30R:22 C3014R:24 C30R:22 C3014R:21 C3011R:20 C4111R:8 
J4113|U0001|C09SUBSNR:0 C09SNRARS:1 C30R:22 C3014R:24 C30R:22 C3014R:24 C30R:22 C3014R:24 C30R:22 C3014R:24 C30R:22 C3014R:24 C30R:22 C3014R:24 C30R:22 C3014R:24 C30R:22 C3014R:24 C30R:22 C3014R:24 C30R:22 C3014R:21 C3011R:20 C4111R:9 
J30026|USTC0001|C09SUBSNR:0 C09SNRARS:1 C30R:22 C3014R:24 C30R:22 C3014R:21 C3011R:3 
J30835|USTR0001P|C09SUBSNR:0 C09SNRARS:1 C30R:22 C3014R:24 C30R:22 C3014R:24 C30R:22 C3014R:24 C30R:22 C3014R:24 C30R:22 C3014R:24 C30R:22 C3014R:9 
J3002|USTC0001|C09SUBSNR:0 C09SNRARS:1 C30R:22 C3014R:24 C30R:22 C3014R:24 C30R:22 C3014R:24 C30R:22 C3014R:24 C30R:22 C3014R:24 C30R:22 C3014R:24 C30R:22 C3014R:24 C30R:22 C3014R:24 C30R:22 C3014R:24 C30R:2 
J30835|USTR0001|C09SUBSNR:0 C09SNRARS:1 C30R:22 C3014R:24 C30R:22 C3014R:24 C30R:22 C3014R:24 C30R:22 C3014R:24 C30R:22 C3014R:24 C30R:22 C3014R:24 C30R:22 C3014R:24 C30R:22 C3014R:10 
J3002|USTC0004|C09SUBSNR:0 C09SNRARS:1 C30R:22 C3014R:24 C30R:22 C3014R:24 C30R:22 C3014R:24 C30R:22 C3014R:24 C30R:22 C3014R:24 C30R:22 C3014R:24 C30R:22 C3014R:24 C30R:22 C3014R:24 C30R:3 
J4114|U0003|C09SUBSNR:0 C09SNRARS:1 C30R:22 C3014R:24 C30R:22 C3014R:24 C30R:22 C3014R:24 C30R:22 C3014R:24 C30R:22 C3014R:24 C30R:22 C3014R:24 C30R:22 C3014R:24 C30R:22 C3014R:24 C30R:22 C3014R:24 C30R:22 C3014R:24 C30R:22 C3014R:24 C30R:22 C3014R:21 C3011R:20 C4111R:7 
J3002|USTC0001|C09SUBSNR:0 C09SNRARS:1 C30R:22 C3014R:24 C30R:2 
J30835|USTR0001P|C09SUBSNR:0 C09SNRARS:1 C30R:22 C3014R:24 C30R:22 C3014R:12 C3031RSI:19 
J30835|USTR0001|C09SUBSNR:0 C09SNRARS:1 C30R:22 C3014R:24 C30R:22 C3014R:24 C30R:22 C3014R:24 C30R:22 C3014R:24 C30R:22 C3014R:24 C30R:22 C3014R:24 C30R:22 C3014R:24 C30R:22 C3014R:12 C3031RSI:20 
J4114|U0002|C09SUBSNR:0 C09SNRARS:1 C30R:22 C3014R:24 C30R:22 C3014R:24 C30R:22 C3014R:24 C30R:22 C3014R:24 C30R:22 C3014R:24 C30R:22 C3014R:24 C30R:22 C3014R:24 C30R:22 C3014R:24 C30R:22 C3014R:24 C30R:22 C3014R:24 C30R:22 C3014R:21 C3011R:20 C4111R:12 
J30026|USTC0001|C09SUBSNR:0 C09SNRARS:1 C30R:22 C3014R:24 C30R:22 C3014R:24 C30R:22 C3014R:24 C30R:22 C3014R:24 C30R:22 C3014R:24 C30R:22 C3014R:24 C30R:22 C3014R:24 C30R:22 C3014R:24 C30R:22 C3014R:24 C30R:22 C3014R:24 C30R:22 C3014R:24 C30R:4 
J4114|U0001|C09SUBSNR:0 C09SNRARS:1 C30R:22 C3014R:24 C30R:22 C3014R:24 C30R:22 C3014R:24 C30R:22 C3014R:24 C30R:22 C3014R:24 C30R:22 C3014R:24 C30R:22 C3014R:24 C30R:22 C3014R:24 C30R:22 C3014R:21 C3011R:20 C4111R:10 
J3002|USTC0004|C09SUBSNR:0 C09SNRARS:1 C30R:22 C3014R:24 C30R:22 C3014R:24 C30R:22 C3014R:24 C30R:22 C3014R:24 C30R:3 
J4112|U0001|C09SUBSNR:0 C09SNRARS:1 C30R:22 C3014R:24 C30R:22 C3014R:21 C3011R:20 C4111R:8 
J3003|U0001|C09SUBSNR:0 C09SNRARS:1 C30R:14 
J4116|U0001|C09SUBSNR:0 C09SNRARS:1 C30R:22 C3014R:24 C30R:22 C3014R:24 C30R:22 C3014R:24 C30R:22 C3014R:24 C30R:22 C3014R:24 C30R:22 C3014R:24 C30R:22 C3014R:24 C30R:22 C3014R:24 C30R:22 C3014R:21 C3011R:20 C4111R:11 
J30835|USTR0001|C09SUBSNR:0 C09SNRARS:1 C30R:22 C3014R:24 C30R:22 C3014R:24 C30R:22 C3014R:24 C30R:22 C3014R:24 C30R:22 C3014R:24 C30R:22 C3014R:24 C30R:22 C3014R:24 C30R:22 C3014R:24 C30R:22 C3014R:24 C30R:22 C3014R:24 C30R:22 C3014R:24 C30R:22 C3014R:12 C3031RSI:20 
J30835|USTR0001P|C09SUBSNR:0 C09SNRARS:1 C30R:22 C3014R:24 C30R:22 C3014R:24 C30R:22 C3014R:24 C30R:22 C3014R:24 C30R:22 C3014R:24 C30R:22 C3014R:24 C30R:22 C3014R:12 C3031RSI:19 
J4016|U0001|C09SUBSNR:0 C09SNRARS:1 C30R:22 C3014R:24 C30R:22 C3014R:24 C30R:22 C3014R:24 C30R:22 C3014R:24 C30R:22 C3014R:24 C30R:22 C3014R:24 C30R:22 C3014R:24 C30R:22 C3014R:24 C30R:22 C3014R:24 C30R:22 C3014R:4 C4112R:9 
J41026|U0001|C09SUBSNR:0 C09SNRARS:1 C30R:22 C3014R:24 C30R:22 C3014R:24 C30R:22 C3014R:24 C30R:22 C3014R:24 C30R:22 C3014R:24 C30R:22 C3014R:24 C30R:22 C3014R:24 C30R:22 C3014R:24 C30R:22 C3014R:24 C30R:22 C3014R:24 C30R:22 C3014R:24 C30R:22 C3014R:24 C30R:22 C3014R:21 C3011R:20 C4111R:3 
J3002|USTC0004|C09SUBSNR:0 C09SNRARS:1 C30R:22 C3014R:24 C30R:22 C3014R:24 C30R:3 
J3003|U0001|C09SUBSNR:0 C09SNRARS:1 C30R:22 C3014R:24 C30R:22 C3014R:24 C30R:14 
J4016|U0002|C09SUBSNR:0 C09SNRARS:1 C30R:22 C3014R:24 C30R:22 C3014R:24 C30R:22 C3014R:24 C30R:22 C3014R:24 C30R:22 C3014R:24 C30R:22 C3014R:24 C30R:22 C3014R:24 C30R:22 C3014R:24 C30R:22 C3014R:24 C30R:22 C3014R:24 C30R:22 C3014R:24 C30R:22 C3014R:4 C4112R:8 
J4006||C09SUBSNR:0 C55:9 
J0005A|UST0003|C09SUBSNR:0 C55:23 
J3002|USTC0004|C09SUBSNR:0 C09SNRARS:1 C30R:22 C3014R:24 C30R:3 
J4116|U0001|C09SUBSNR:0 C09SNRARS:1 C30R:22 C3014R:24 C30R:22 C3014R:21 C3011R:20 C4111R:11 
J4114|U0001|C09SUBSNR:0 C09SNRARS:1 C30R:22 C3014R:24 C30R:22 C3014R:24 C30R:22 C3014R:24 C30R:22 C3014R:24 C30R:22 C3014R:24 C30R:22 C3014R:21 C3011R:20 C4111R:10 
J30835|USTP0001P|C09SUBSNR:0 C09SNRPC:6 C30PC:22 C3014PC:9 C3031CPC:19 
J30835|USTR0012|C09SUBSNR:0 C09SNRARS:1 C30R:22 C3014R:24 C30R:22 C3014R:24 C30R:22 C3014R:24 C30R:22 C3014R:12 C3031RSI:16 
J30835|USTR0001P|C09SUBSNR:0 C09SNRARS:1 C30R:22 C3014R:24 C30R:22 C3014R:9 
J4113|U0001|C09SUBSNR:0 C09SNRARS:1 C30R:22 C3014R:24 C30R:22 C3014R:24 C30R:22 C3014R:24 C30R:22 C3014R:24 C30R:22 C3014R:21 C3011R:20 C4111R:9 
J4312|USTC0001PC|C09SUBSNR:0 C09SNRPC:3 C43PA3PC:2 
J4116|U0004|C09SUBSNR:0 C09SNRPC:6 C30PC:24 C41APC:7 
J4105|U0001|C09SUBSNR:0 C09SNRARS:1 C30R:22 C3014R:24 C30R:22 C3014R:24 C30R:22 C3014R:24 C30R:22 C3014R:24 C30R:22 C3014R:24 C30R:22 C3014R:24 C30R:22 C3014R:24 C30R:22 C3014R:4 C4112R:4 
J30026|USTC0001|C09SUBSNR:0 C09SNRARS:1 C30R:4 
J4016|U0002|C09SUBSNR:0 C09SNRARS:1 C30R:22 C3014R:24 C30R:22 C3014R:24 C30R:22 C3014R:24 C30R:22 C3014R:24 C30R:22 C3014R:4 C4112R:8 
J41026|U0001|C09SUBSNR:0 C55:11 C4112ACCT:7 
J4114|U0001|C09SUBSNR:0 C09SNRARS:1 C30R:22 C3014R:21 C3011R:20 C4111R:10 
J41026|U0001|C09SUBSNR:0 C09SNRARS:1 C30R:22 C3014R:24 C30R:22 C3014R:24 C30R:22 C3014R:24 C30R:22 C3014R:24 C30R:22 C3014R:24 C30R:22 C3014R:4 C4112R:14 
J4113|USTC0001PC|C09SUBSNR:0 C09SNRPC:6 C30PC:24 C41APC:5 
J3002|USTC0001O|C09SUBSNR:0 C09SNRARS:1 C30R:22 C3014R:24 C30R:22 C3014R:24 C30R:22 C3014R:12 C3031RSI:6 
J4105|U0001|C09SUBSNR:0 C09SNRARS:1 C30R:22 C3014R:24 C30R:22 C3014R:24 C30R:22 C3014R:24 C30R:22 C3014R:24 C30R:22 C3014R:4 C4112R:4 
J41026|U0001|C09SUBSNR:0 C09SNRARS:1 C30R:22 C3014R:24 C30R:22 C3014R:24 C30R:22 C3014R:24 C30R:22 C3014R:24 C30R:22 C3014R:24 C30R:22 C3014R:24 C30R:22 C3014R:24 C30R:22 C3014R:24 C30R:22 C3014R:24 C30R:22 C3014R:24 C30R:22 C3014R:24 C30R:22 C3014R:24 C30R:22 C3014R:4 C4112R:14 
J30835|USTP0001|C09SUBSNR:0 C09SNRPC:6 C30PC:22 C3014PC:9 C3031CPC:20 
J41026|U0001|C09SUBSNR:0 C09SNRARS:1 C30R:22 C3014R:4 C4112R:14 
J30835|USTP0012PT|C09SUBSNR:0 C09SNRPC:6 C30PC:22 C3014PC:9 C3031CPC:23 
J41022||C09SUBSNR:0 C09SNRARS:1 C30R:22 C3014R:24 C30R:22 C3014R:24 C30R:22 C3014R:4 C4112R:15 
J41025||C09SUBSNR:0 C09SNRARS:1 C30R:22 C3014R:24 C30R:22 C3014R:24 C30R:22 C3014R:24 C30R:22 C3014R:24 C30R:22 C3014R:4 C4112R:16 
J30026|USTC0001|C09SUBSNR:0 C09SNRARS:1 C30R:22 C3014R:24 C30R:22 C3014R:24 C30R:22 C3014R:24 C30R:22 C3014R:24 C30R:22 C3014R:24 C30R:22 C3014R:24 C30R:22 C3014R:24 C30R:22 C3014R:24 C30R:22 C3014R:24 C30R:22 C3014R:24 C30R:22 C3014R:24 C30R:22 C3014R:24 C30R:22 C3014R:2 
J4101|U0001|C09SUBSNR:0 C09SNRARS:1 C30R:22 C3014R:24 C30R:22 C3014R:24 C30R:22 C3014R:24 C30R:22 C3014R:24 C30R:22 C3014R:24 C30R:22 C3014R:24 C30R:22 C3014R:24 C30R:22 C3014R:24 C30R:22 C3014R:24 C30R:22 C3014R:24 C30R:22 C3014R:24 C30R:22 C3014R:4 C4112R:2 
J41022||C09SUBSNR:0 C09SNRARS:1 C30R:22 C3014R:24 C30R:22 C3014R:24 C30R:22 C3014R:24 C30R:22 C3014R:24 C30R:22 C3014R:24 C30R:22 C3014R:24 C30R:22 C3014R:24 C30R:22 C3014R:24 C30R:22 C3014R:4 C4112R:15 
J30820|USTR0001|C09SUBSNR:0 C09SNRARS:1 C30R:22 C3014R:24 C30R:22 C3014R:24 C30R:22 C3014R:24 C30R:22 C3014R:24 C30R:22 C3014R:24 C30R:22 C3014R:24 C30R:22 C3014R:24 C30R:22 C3014R:24 C30R:22 C3014R:24 C30R:22 C3014R:24 C30R:22 C3014R:24 C30R:22 C3014R:8 
J09201||C09SUBSNR:0 C5693ACCTG:14 
J3003|U0001|C09SUBSNR:0 C09SNRPC:6 C30PC:14 
J3002|U0001|C09SUBSNR:0 C09SNRARS:1 C30R:22 C3014R:24 C30R:22 C3014R:24 C30R:22 C3014R:24 C30R:22 C3014R:24 C30R:22 C3014R:24 C30R:22 C3014R:24 C30R:22 C3014R:24 C30R:22 C3014R:24 C30R:22 C3014R:21 C3011R:2 
J4114|U0003|C09SUBSNR:0 C09SNRARS:1 C30R:22 C3014R:24 C30R:22 C3014R:24 C30R:22 C3014R:24 C30R:22 C3014R:24 C30R:22 C3014R:24 C30R:22 C3014R:24 C30R:22 C3014R:21 C3011R:20 C4111R:7 
J30835|USTR0001P|C09SUBSNR:0 C09SNRARS:1 C30R:22 C3014R:24 C30R:22 C3014R:24 C30R:22 C3014R:24 C30R:22 C3014R:24 C30R:22 C3014R:12 C3031RSI:19 
J41026|U0001|C09SUBSNR:0 C09SNRARS:1 C30R:22 C3014R:24 C30R:22 C3014R:24 C30R:22 C3014R:24 C30R:22 C3014R:24 C30R:22 C3014R:24 C30R:22 C3014R:24 C30R:22 C3014R:21 C3011R:20 C4111R:3 
J4112|U0001|C09SUBSNR:0 C09SNRARS:1 C30R:22 C3014R:24 C30R:22 C3014R:24 C30R:22 C3014R:24 C30R:22 C3014R:24 C30R:22 C3014R:24 C30R:22 C3014R:24 C30R:22 C3014R:24 C30R:22 C3014R:24 C30R:22 C3014R:21 C3011R:20 C4111R:8 
J4016|U0001|C09SUBSNR:0 C09SNRARS:1 C30R:22 C3014R:24 C30R:22 C3014R:24 C30R:22 C3014R:24 C30R:22 C3014R:24 C30R:22 C3014R:24 C30R:22 C3014R:24 C30R:22 C3014R:24 C30R:22 C3014R:24 C30R:22 C3014R:24 C30R:22 C3014R:24 C30R:22 C3014R:24 C30R:22 C3014R:4 C4112R:9 
J41011||C09SUBSNR:0 C09SNRARS:1 C30R:22 C3014R:24 C30R:22 C3014R:24 C30R:22 C3014R:4 C4112R:3 
J4114|U0013PC|C09SUBSNR:0 C09SNRPC:14 C41TXN1PC:21 
J30835|USTR0001P|C09SUBSNR:0 C09SNRARS:1 C30R:22 C3014R:24 C30R:22 C3014R:24 C30R:22 C3014R:24 C30R:22 C3014R:24 C30R:22 C3014R:24 C30R:22 C3014R:24 C30R:22 C3014R:24 C30R:22 C3014R:24 C30R:22 C3014R:24 C30R:22 C3014R:24 C30R:22 C3014R:12 C3031RSI:19 
J3002|USTC0004|C09SUBSNR:0 C09SNRPC:6 C30PC:3 
J41025||C09SUBSNR:0 C09SNRARS:1 C30R:22 C3014R:24 C30R:22 C3014R:24 C30R:22 C3014R:24 C30R:22 C3014R:24 C30R:22 C3014R:24 C30R:22 C3014R:24 C30R:22 C3014R:24 C30R:22 C3014R:24 C30R:22 C3014R:24 C30R:22 C3014R:4 C4112R:16 
J3002|USTC0001O|C09SUBSNR:0 C09SNRARS:1 C30R:22 C3014R:24 C30R:22 C3014R:24 C30R:22 C3014R:24 C30R:22 C3014R:24 C30R:22 C3014R:24 C30R:22 C3014R:24 C30R:22 C3014R:24 C30R:22 C3014R:24 C30R:22 C3014R:12 C3031RSI:6 
J42045|USTC0001PC|C09SUBSNR:0 C09SNRPC:14 C41TXN1PC:7 
J3002|USTC0005|C09SUBSNR:0 C4114A:14 
J30026|USTC0001|C09SUBSNR:0 C09SNRARS:1 C30R:22 C3014R:24 C30R:22 C3014R:24 C30R:22 C3014R:24 C30R:22 C3014R:24 C30R:22 C3014R:24 C30R:22 C3014R:21 C3011R:3 
J41025||C09SUBSNR:0 C09SNRARS:1 C30R:22 C3014R:24 C30R:22 C3014R:24 C30R:22 C3014R:24 C30R:22 C3014R:24 C30R:22 C3014R:24 C30R:22 C3014R:24 C30R:22 C3014R:4 C4112R:16 
J3003|U0001|C09SUBSNR:0 C09SNRARS:1 C30R:22 C3014R:24 C30R:22 C3014R:24 C30R:22 C3014R:24 C30R:22 C3014R:24 C30R:22 C3014R:24 C30R:22 C3014R:24 C30R:22 C3014R:24 C30R:22 C3014R:24 C30R:22 C3014R:24 C30R:22 C3014R:24 C30R:14 
J4016|U0001|C09SUBSNR:0 C09SNRARS:1 C30R:22 C3014R:24 C30R:22 C3014R:24 C30R:22 C3014R:24 C30R:22 C3014R:24 C30R:22 C3014R:4 C4112R:9 
J4114|U0001|C09SUBSNR:0 C09SNRARS:1 C30R:22 C3014R:24 C30R:22 C3014R:24 C30R:22 C3014R:21 C3011R:20 C4111R:10 
J09800|U0001|C09SUBSNR:0 C09REVPST:22 
J001019||C09SUBSNR:0 C09SUBSNR:21 
J4112|U0001|C09SUBSNR:0 C09SNRARS:1 C30R:22 C3014R:24 C30R:22 C3014R:24 C30R:22 C3014R:24 C30R:22 C3014R:21 C3011R:20 C4111R:8 
J4016|U0001|C09SUBSNR:0 C09SNRARS:1 C30R:22 C3014R:24 C30R:22 C3014R:24 C30R:22 C3014R:24 C30R:22 C3014R:24 C30R:22 C3014R:24 C30R:22 C3014R:4 C4112R:9 
J4242|USTN0001|C09SUBSNR:0 C09SNRPC:14 C41TXN1PC:2 
J4116|U0001|C09SUBSNR:0 C09SNRARS:1 C30R:22 C3014R:24 C30R:22 C3014R:24 C30R:22 C3014R:24 C30R:22 C3014R:24 C30R:22 C3014R:21 C3011R:20 C4111R:11 
J3003|U0001|C09SUBSNR:0 C09SNRARS:1 C30R:22 C3014R:24 C30R:22 C3014R:24 C30R:22 C3014R:24 C30R:22 C3014R:21 C3011R:14 
J4114|U0001|C09SUBSNR:0 C09SNRARS:1 C30R:22 C3014R:24 C30R:22 C3014R:24 C30R:22 C3014R:24 C30R:22 C3014R:24 C30R:22 C3014R:24 C30R:22 C3014R:24 C30R:22 C3014R:24 C30R:22 C3014R:21 C3011R:20 C4111R:10 
J41025||C09SUBSNR:0 C09SNRARS:1 C30R:22 C3014R:24 C30R:22 C3014R:24 C30R:22 C3014R:24 C30R:22 C3014R:24 C30R:22 C3014R:24 C30R:22 C3014R:24 C30R:22 C3014R:24 C30R:22 C3014R:24 C30R:22 C3014R:4 C4112R:16 
J3002|USTC0001|C09SUBSNR:0 C09SNRARS:1 C30R:22 C3014R:24 C30R:22 C3014R:24 C30R:22 C3014R:24 C30R:22 C3014R:24 C30R:22 C3014R:24 C30R:22 C3014R:24 C30R:22 C3014R:24 C30R:2 
J3003|U0001|C09SUBSNR:0 C09SNRARS:1 C30R:22 C3014R:24 C30R:22 C3014R:24 C30R:22 C3014R:24 C30R:22 C3014R:24 C30R:22 C3014R:24 C30R:14 
J30835|USTR0001P|C09SUBSNR:0 C09SNRARS:1 C30R:22 C3014R:24 C30R:22 C3014R:24 C30R:22 C3014R:24 C30R:22 C3014R:24 C30R:22 C3014R:24 C30R:22 C3014R:24 C30R:22 C3014R:24 C30R:22 C3014R:24 C30R:22 C3014R:24 C30R:22 C3014R:24 C30R:22 C3014R:9 
J41011||C09SUBSNR:0 C09SNRARS:1 C30R:22 C3014R:24 C30R:22 C3014R:24 C30R:22 C3014R:24 C30R:22 C3014R:24 C30R:22 C3014R:24 C30R:22 C3014R:24 C30R:22 C3014R:4 C4112R:3 
J30026|USTC0001|C09SUBSNR:0 C09SNRARS:1 C30R:22 C3014R:24 C30R:22 C3014R:24 C30R:22 C3014R:24 C30R:22 C3014R:24 C30R:22 C3014R:24 C30R:22 C3014R:24 C30R:22 C3014R:24 C30R:22 C3014R:24 C30R:22 C3014R:24 C30R:22 C3014R:2 
J30835|USTR0001|C09SUBSNR:0 C09SNRARS:1 C30R:22 C3014R:24 C30R:22 C3014R:24 C30R:22 C3014R:24 C30R:22 C3014R:24 C30R:22 C3014R:12 C3031RSI:20 
J4101|U0001|C09SUBSNR:0 C09SNRARS:1 C30R:22 C3014R:24 C30R:22 C3014R:24 C30R:22 C3014R:24 C30R:22 C3014R:24 C30R:22 C3014R:24 C30R:22 C3014R:24 C30R:22 C3014R:24 C30R:22 C3014R:24 C30R:22 C3014R:24 C30R:22 C3014R:24 C30R:22 C3014R:24 C30R:22 C3014R:24 C30R:22 C3014R:21 C3011R:20 C4111R:2 
J4116|U0004|C09SUBSNR:0 C09SNRPC:5 C41APC:7 
J4114|U0001|C09SUBSNR:0 C09SNRARS:1 C30R:22 C3014R:24 C30R:22 C3014R:24 C30R:22 C3014R:24 C30R:22 C3014R:24 C30R:22 C3014R:24 C30R:22 C3014R:24 C30R:22 C3014R:24 C30R:22 C3014R:24 C30R:22 C3014R:24 C30R:22 C3014R:21 C3011R:20 C4111R:10 
J30026|USTC0001|C09SUBSNR:0 C09SNRARS:1 C30R:22 C3014R:21 C3011R:3 
J4113|USTR0001|C09SUBSNR:0 C09SNRARS:3 C41RTXN:14 
J3002|USTC0001O|C09SUBSNR:0 C09SNRARS:1 C30R:22 C3014R:24 C30R:22 C3014R:24 C30R:22 C3014R:24 C30R:22 C3014R:24 C30R:22 C3014R:24 C30R:22 C3014R:24 C30R:22 C3014R:24 C30R:22 C3014R:12 C3031RSI:6 
J42045|USTC0001|C09SUBSNR:0 C09INQ:2 
J4116|U0001|C09SUBSNR:0 C09SNRARS:1 C30R:22 C3014R:24 C30R:22 C3014R:24 C30R:22 C3014R:24 C30R:22 C3014R:24 C30R:22 C3014R:24 C30R:22 C3014R:24 C30R:22 C3014R:24 C30R:22 C3014R:24 C30R:22 C3014R:24 C30R:22 C3014R:24 C30R:22 C3014R:24 C30R:22 C3014R:24 C30R:22 C3014R:21 C3011R:20 C4111R:11 
J4105|U0001|C09SUBSNR:0 C09SNRARS:1 C30R:22 C3014R:24 C30R:22 C3014R:24 C30R:22 C3014R:24 C30R:22 C3014R:24 C30R:22 C3014R:24 C30R:22 C3014R:24 C30R:22 C3014R:24 C30R:22 C3014R:24 C30R:22 C3014R:24 C30R:22 C3014R:4 C4112R:4 
J4016|U0002|C09SUBSNR:0 C09SNRARS:1 C30R:22 C3014R:24 C30R:22 C3014R:24 C30R:22 C3014R:24 C30R:22 C3014R:24 C30R:22 C3014R:24 C30R:22 C3014R:4 C4112R:8 
J41025||C09SUBSNR:0 C09SNRARS:1 C30R:22 C3014R:24 C30R:22 C3014R:24 C30R:22 C3014R:24 C30R:22 C3014R:24 C30R:22 C3014R:24 C30R:22 C3014R:24 C30R:22 C3014R:24 C30R:22 C3014R:24 C30R:22 C3014R:24 C30R:22 C3014R:24 C30R:22 C3014R:24 C30R:22 C3014R:4 C4112R:16 
J30835|USTR0012P|C09SUBSNR:0 C09SNRARS:1 C30R:22 C3014R:24 C30R:22 C3014R:24 C30R:22 C3014R:24 C30R:22 C3014R:24 C30R:22 C3014R:24 C30R:22 C3014R:24 C30R:22 C3014R:24 C30R:22 C3014R:12 C3031RSI:15 
J3002|USTC0004|C09SUBSNR:0 C09SNRARS:1 C30R:22 C3014R:24 C30R:22 C3014R:24 C30R:22 C3014R:24 C30R:22 C3014R:24 C30R:22 C3014R:24 C30R:3 
J3002|USTC0004|C09SUBSNR:0 C09SNRARS:1 C30R:22 C3014R:24 C30R:22 C3014R:24 C30R:22 C3014R:24 C30R:22 C3014R:24 C30R:22 C3014R:24 C30R:22 C3014R:24 C30R:22 C3014R:24 C30R:22 C3014R:24 C30R:22 C3014R:24 C30R:22 C3014R:24 C30R:22 C3014R:24 C30R:22 C3014R:24 C30R:22 C3014R:24 C30R:3 
J4105|U0001|C09SUBSNR:0 C09SNRARS:1 C30R:22 C3014R:24 C30R:22 C3014R:24 C30R:22 C3014R:24 C30R:22 C3014R:4 C4112R:4 
J41026|U0001|C09SUBSNR:0 C09SNRPC:5 C41APC:2 
J4114|U0003|C09SUBSNR:0 C09SNRARS:1 C30R:22 C3014R:24 C30R:22 C3014R:24 C30R:22 C3014R:24 C30R:22 C3014R:24 C30R:22 C3014R:24 C30R:22 C3014R:24 C30R:22 C3014R:24 C30R:22 C3014R:24 C30R:22 C3014R:24 C30R:22 C3014R:21 C3011R:20 C4111R:7 
J30026|USTC0001|C09SUBSNR:0 C09SNRARS:1 C30R:22 C3014R:24 C30R:22 C3014R:24 C30R:22 C3014R:24 C30R:22 C3014R:24 C30R:22 C3014R:24 C30R:22 C3014R:24 C30R:22 C3014R:24 C30R:22 C3014R:24 C30R:22 C3014R:24 C30R:22 C3014R:24 C30R:22 C3014R:24 C30R:22 C3014R:24 C30R:22 C3014R:24 C30R:4 
J4105|U0001|C09SUBSNR:0 C09SNRARS:1 C30R:22 C3014R:4 C4112R:4 
J41025||C09SUBSNR:0 C09SNRARS:1 C30R:22 C3014R:24 C30R:22 C3014R:4 C4112R:16 
J4114|U0003|C09SUBSNR:0 C09SNRARS:1 C30R:22 C3014R:24 C30R:22 C3014R:24 C30R:22 C3014R:24 C30R:22 C3014R:21 C3011R:20 C4111R:7 
J41011||C09SUBSNR:0 C09SNRARS:1 C30R:22 C3014R:24 C30R:22 C3014R:24 C30R:22 C3014R:24 C30R:22 C3014R:24 C30R:22 C3014R:24 C30R:22 C3014R:24 C30R:22 C3014R:24 C30R:22 C3014R:24 C30R:22 C3014R:24 C30R:22 C3014R:4 C4112R:3 
J41026|U0001|C09SUBSNR:0 C09SNRARS:1 C30R:22 C3014R:24 C30R:22 C3014R:24 C30R:22 C3014R:24 C30R:22 C3014R:4 C4112R:14 
J30820|USTR0001|C09SUBSNR:0 C09SNRARS:1 C30R:22 C3014R:24 C30R:22 C3014R:24 C30R:22 C3014R:24 C30R:22 C3014R:24 C30R:22 C3014R:8 
J4211|USTX0020|C09SUBSNR:0 C09SNRPC:17 
J4114|U0002|C09SUBSNR:0 C09SNRARS:1 C30R:22 C3014R:24 C30R:22 C3014R:24 C30R:22 C3014R:21 C3011R:20 C4111R:12 
J30026|USTC0001|C09SUBSNR:0 C09SNRARS:1 C30R:22 C3014R:24 C30R:22 C3014R:24 C30R:22 C3014R:24 C30R:22 C3014R:24 C30R:22 C3014R:24 C30R:22 C3014R:24 C30R:22 C3014R:24 C30R:4 
J4105|U0001|C09SUBSNR:0 C09SNRARS:1 C30R:22 C3014R:24 C30R:22 C3014R:24 C30R:22 C3014R:24 C30R:22 C3014R:24 C30R:22 C3014R:24 C30R:22 C3014R:24 C30R:22 C3014R:24 C30R:22 C3014R:24 C30R:22 C3014R:24 C30R:22 C3014R:24 C30R:22 C3014R:24 C30R:22 C3014R:24 C30R:22 C3014R:4 C4112R:4 
J00105||C09SUBSNR:0 C09411ACCT:2 
J30026|USTC0001|C09SUBSNR:0 C09SNRARS:1 C30R:22 C3014R:24 C30R:22 C3014R:24 C30R:22 C3014R:24 C30R:22 C3014R:2 
J30835|USTR0001|C09SUBSNR:0 C09SNRARS:1 C30R:22 C3014R:10 
J30820|USTR0001|C09SUBSNR:0 C09SNRARS:1 C30R:22 C3014R:24 C30R:22 C3014R:24 C30R:22 C3014R:24 C30R:22 C3014R:24 C30R:22 C3014R:24 C30R:22 C3014R:8 
J30026|USTC0001|C09SUBSNR:0 C09SNRARS:1 C30R:22 C3014R:2 
J41026|U0001|C09SUBSNR:0 C09SNRARS:1 C30R:22 C3014R:24 C30R:22 C3014R:24 C30R:22 C3014R:24 C30R:22 C3014R:24 C30R:22 C3014R:24 C30R:22 C3014R:21 C3011R:20 C4111R:3 
J30835|USTR0012P|C09SUBSNR:0 C09SNRARS:1 C30R:22 C3014R:24 C30R:22 C3014R:24 C30R:22 C3014R:12 C3031RSI:15 
J30835|USTR0001P|C09SUBSNR:0 C09SNRARS:1 C30R:22 C3014R:24 C30R:22 C3014R:24 C30R:22 C3014R:24 C30R:22 C3014R:24 C30R:22 C3014R:24 C30R:22 C3014R:24 C30R:22 C3014R:24 C30R:22 C3014R:24 C30R:22 C3014R:24 C30R:22 C3014R:24 C30R:22 C3014R:24 C30R:22 C3014R:9 
J3003|U0001|C09SUBSNR:0 C09SNRARS:1 C30R:22 C3014R:24 C30R:22 C3014R:24 C30R:22 C3014R:24 C30R:14 
J3003|U0001|C09SUBSNR:0 C09SNRARS:1 C30R:22 C3014R:24 C30R:22 C3014R:24 C30R:22 C3014R:24 C30R:22 C3014R:24 C30R:22 C3014R:24 C30R:22 C3014R:24 C30R:22 C3014R:24 C30R:22 C3014R:24 C30R:22 C3014R:24 C30R:22 C3014R:21 C3011R:14 
J30835|USTR0001P|C09SUBSNR:0 C09SNRARS:1 C30R:22 C3014R:24 C30R:22 C3014R:24 C30R:22 C3014R:24 C30R:22 C3014R:24 C30R:22 C3014R:24 C30R:22 C3014R:24 C30R:22 C3014R:24 C30R:22 C3014R:24 C30R:22 C3014R:24 C30R:22 C3014R:24 C30R:22 C3014R:24 C30R:22 C3014R:24 C30R:22 C3014R:24 C30R:22 C3014R:9 
J30835|USTR0001P|C09SUBSNR:0 C09SNRARS:1 C30R:22 C3014R:24 C30R:22 C3014R:24 C30R:22 C3014R:24 C30R:22 C3014R:24 C30R:22 C3014R:24 C30R:22 C3014R:24 C30R:22 C3014R:24 C30R:22 C3014R:9 
J4101|U0001|C09SUBSNR:0 C09SNRARS:1 C30R:22 C3014R:24 C30R:22 C3014R:24 C30R:22 C3014R:24 C30R:22 C3014R:24 C30R:22 C3014R:4 C4112R:2 
J3003|U0001|C09SUBSNR:0 C09SNRARS:1 C30R:22 C3014R:24 C30R:22 C3014R:24 C30R:22 C3014R:24 C30R:22 C3014R:24 C30R:22 C3014R:24 C30R:22 C3014R:24 C30R:22 C3014R:24 C30R:22 C3014R:24 C30R:22 C3014R:24 C30R:22 C3014R:24 C30R:22 C3014R:21 C3011R:14 
J4016|U0002|C09SUBSNR:0 C09SNRARS:1 C30R:22 C3014R:24 C30R:22 C3014R:24 C30R:22 C3014R:24 C30R:22 C3014R:24 C30R:22 C3014R:24 C30R:22 C3014R:24 C30R:22 C3014R:24 C30R:22 C3014R:24 C30R:22 C3014R:24 C30R:22 C3014R:24 C30R:22 C3014R:4 C4112R:8 
J4114|U0001|C09SUBSNR:0 C09SNRARS:1 C30R:22 C3014R:24 C30R:22 C3014R:24 C30R:22 C3014R:24 C30R:22 C3014R:24 C30R:22 C3014R:24 C30R:22 C3014R:24 C30R:22 C3014R:24 C30R:22 C3014R:24 C30R:22 C3014R:24 C30R:22 C3014R:24 C30R:22 C3014R:24 C30R:22 C3014R:24 C30R:22 C3014R:21 C3011R:20 C4111R:10 
J3003|U0001|C09SUBSNR:0 C09SNRARS:1 C30R:22 C3014R:24 C30R:22 C3014R:24 C30R:22 C3014R:24 C30R:22 C3014R:24 C30R:22 C3014R:24 C30R:22 C3014R:24 C30R:22 C3014R:24 C30R:22 C3014R:24 C30R:14 
J4114|U0003|C09SUBSNR:0 C09SNRARS:1 C30R:22 C3014R:24 C30R:22 C3014R:24 C30R:22 C3014R:24 C30R:22 C3014R:24 C30R:22 C3014R:21 C3011R:20 C4111R:7 
J41022||C09SUBSNR:0 C09SNRARS:1 C30R:22 C3014R:24 C30R:22 C3014R:24 C30R:22 C3014R:24 C30R:22 C3014R:24 C30R:22 C3014R:4 C4112R:15 
J30026|USTC0001|C09SUBSNR:0 C09SNRARS:1 C30R:22 C3014R:24 C30R:22 C3014R:24 C30R:22 C3014R:24 C30R:22 C3014R:24 C30R:22 C3014R:24 C30R:22 C3014R:24 C30R:22 C3014R:24 C30R:22 C3014R:24 C30R:22 C3014R:24 C30R:22 C3014R:24 C30R:22 C3014R:24 C30R:22 C3014R:21 C3011R:3 
J30026|USTC0001|C09SUBSNR:0 C09SNRARS:1 C30R:22 C3014R:24 C30R:22 C3014R:24 C30R:22 C3014R:24 C30R:22 C3014R:24 C30R:4 
J41026|U0001|C09SUBSNR:0 C09SNRARS:1 C30R:22 C3014R:24 C30R:22 C3014R:24 C30R:22 C3014R:24 C30R:22 C3014R:24 C30R:22 C3014R:24 C30R:22 C3014R:24 C30R:22 C3014R:4 C4112R:14 
J4113|U0001|C09SUBSNR:0 C09SNRARS:1 C30R:22 C3014R:24 C30R:22 C3014R:24 C30R:22 C3014R:24 C30R:22 C3014R:24 C30R:22 C3014R:24 C30R:22 C3014R:24 C30R:22 C3014R:24 C30R:22 C3014R:24 C30R:22 C3014R:24 C30R:22 C3014R:24 C30R:22 C3014R:21 C3011R:20 C4111R:9 
J4101|U0001|C09SUBSNR:0 C09SNRARS:1 C30R:22 C3014R:24 C30R:22 C3014R:24 C30R:22 C3014R:24 C30R:22 C3014R:24 C30R:22 C3014R:24 C30R:22 C3014R:4 C4112R:2 
J4114|U0002|C09SUBSNR:0 C09SNRARS:1 C30R:22 C3014R:24 C30R:22 C3014R:24 C30R:22 C3014R:24 C30R:22 C3014R:24 C30R:22 C3014R:24 C30R:22 C3014R:24 C30R:22 C3014R:24 C30R:22 C3014R:21 C3011R:20 C4111R:12 
J30835|USTR0001|C09SUBSNR:0 C09SNRARS:1 C30R:22 C3014R:24 C30R:22 C3014R:24 C30R:22 C3014R:24 C30R:22 C3014R:24 C30R:22 C3014R:24 C30R:22 C3014R:24 C30R:22 C3014R:24 C30R:22 C3014R:24 C30R:22 C3014R:24 C30R:22 C3014R:24 C30R:22 C3014R:24 C30R:22 C3014R:10 
J30835|USTP0012|C09SUBSNR:0 C09SNRPC:6 C30PC:22 C3014PC:9 C3031CPC:16 
J3003|U0001|C09SUBSNR:0 C09SNRARS:1 C30R:22 C3014R:24 C30R:22 C3014R:24 C30R:22 C3014R:24 C30R:22 C3014R:24 C30R:22 C3014R:24 C30R:22 C3014R:24 C30R:22 C3014R:24 C30R:22 C3014R:24 C30R:22 C3014R:24 C30R:14 
J4116|U0001|C09SUBSNR:0 C09SNRARS:1 C30R:22 C3014R:21 C3011R:20 C4111R:11 
J3002|USTC0001O|C09SUBSNR:0 C09SNRARS:1 C30R:22 C3014R:24 C30R:22 C3014R:24 C30R:22 C3014R:24 C30R:22 C3014R:24 C30R:22 C3014R:24 C30R:22 C3014R:24 C30R:22 C3014R:24 C30R:22 C3014R:24 C30R:22 C3014R:24 C30R:22 C3014R:24 C30R:22 C3014R:24 C30R:22 C3014R:24 C30R:22 C3014R:12 C3031RSI:6 
J41022||C09SUBSNR:0 C09SNRARS:1 C30R:22 C3014R:24 C30R:22 C3014R:24 C30R:22 C3014R:24 C30R:22 C3014R:24 C30R:22 C3014R:24 C30R:22 C3014R:24 C30R:22 C3014R:24 C30R:22 C3014R:24 C30R:22 C3014R:24 C30R:22 C3014R:24 C30R:22 C3014R:24 C30R:22 C3014R:4 C4112R:15 
J3002|USTC0004|C09SUBSNR:0 C09SNRARS:1 C30R:22 C3014R:24 C30R:22 C3014R:24 C30R:22 C3014R:24 C30R:22 C3014R:24 C30R:22 C3014R:24 C30R:22 C3014R:24 C30R:3 
J4101|U0001|C09SUBSNR:0 C09SNRARS:1 C30R:22 C3014R:24 C30R:22 C3014R:24 C30R:22 C3014R:24 C30R:22 C3014R:24 C30R:22 C3014R:24 C30R:22 C3014R:24 C30R:22 C3014R:24 C30R:22 C3014R:4 C4112R:2 
J3003|U0001|C09SUBSNR:0 C09SNRARS:1 C30R:22 C3014R:24 C30R:22 C3014R:24 C30R:22 C3014R:24 C30R:22 C3014R:24 C30R:22 C3014R:21 C3011R:14 
J30835|USTR0001P|C09SUBSNR:0 C09SNRARS:1 C30R:22 C3014R:24 C30R:22 C3014R:24 C30R:22 C3014R:24 C30R:22 C3014R:12 C3031RSI:19 
J4116|U0001|C09SUBSNR:0 C09SNRARS:1 C30R:22 C3014R:24 C30R:22 C3014R:24 C30R:22 C3014R:24 C30R:22 C3014R:21 C3011R:20 C4111R:11 
J4101|U0001|C09SUBSNR:0 C09SNRARS:1 C30R:22 C3014R:24 C30R:22 C3014R:24 C30R:22 C3014R:24 C30R:22 C3014R:24 C30R:22 C3014R:24 C30R:22 C3014R:24 C30R:22 C3014R:24 C30R:22 C3014R:24 C30R:22 C3014R:4 C4112R:2 
J4112|U0001|C09SUBSNR:0 C09SNRARS:1 C30R:22 C3014R:24 C30R:22 C3014R:24 C30R:22 C3014R:24 C30R:22 C3014R:24 C30R:22 C3014R:24 C30R:22 C3014R:24 C30R:22 C3014R:24 C30R:22 C3014R:24 C30R:22 C3014R:24 C30R:22 C3014R:21 C3011R:20 C4111R:8 
J4016|U0002|C09SUBSNR:0 C09SNRARS:1 C30R:22 C3014R:24 C30R:22 C3014R:24 C30R:22 C3014R:24 C30R:22 C3014R:24 C30R:22 C3014R:24 C30R:22 C3014R:24 C30R:22 C3014R:4 C4112R:8 
J41026|U0001|C09SUBSNR:0 C09SNRARS:1 C30R:22 C3014R:24 C30R:22 C3014R:21 C3011R:20 C4111R:3 
J30835|USTR0001|C09SUBSNR:0 C09SNRARS:1 C30R:22 C3014R:24 C30R:22 C3014R:24 C30R:22 C3014R:24 C30R:22 C3014R:24 C30R:22 C3014R:24 C30R:22 C3014R:24 C30R:22 C3014R:24 C30R:22 C3014R:24 C30R:22 C3014R:24 C30R:22 C3014R:10 
J30820|USTR0001|C09SUBSNR:0 C09SNRARS:1 C30R:22 C3014R:24 C30R:22 C3014R:24 C30R:22 C3014R:24 C30R:22 C3014R:8 
J41022||C09SUBSNR:0 C09SNRARS:1 C30R:22 C3014R:24 C30R:22 C3014R:24 C30R:22 C3014R:24 C30R:22 C3014R:4 C4112R:15 
J30835|USTR0001P|C09SUBSNR:0 C09SNRARS:1 C30R:22 C3014R:24 C30R:22 C3014R:24 C30R:22 C3014R:24 C30R:22 C3014R:24 C30R:22 C3014R:24 C30R:22 C3014R:24 C30R:22 C3014R:24 C30R:22 C3014R:24 C30R:22 C3014R:24 C30R:22 C3014R:12 C3031RSI:19 
J4116|U0001|C09SUBSNR:0 C09SNRARS:1 C30R:22 C3014R:24 C30R:22 C3014R:24 C30R:22 C3014R:24 C30R:22 C3014R:24 C30R:22 C3014R:24 C30R:22 C3014R:24 C30R:22 C3014R:24 C30R:22 C3014R:24 C30R:22 C3014R:24 C30R:22 C3014R:24 C30R:22 C3014R:21 C3011R:20 C4111R:11 
J3002|USTC0001|C09SUBSNR:0 C09SNRARS:1 C30R:22 C3014R:24 C30R:22 C3014R:24 C30R:22 C3014R:24 C30R:2 
J4114|U0003|C09SUBSNR:0 C09SNRARS:1 C30R:22 C3014R:24 C30R:22 C3014R:24 C30R:22 C3014R:21 C3011R:20 C4111R:7 
J41022||C09SUBSNR:0 C09SNRARS:1 C30R:22 C3014R:24 C30R:22 C3014R:24 C30R:22 C3014R:24 C30R:22 C3014R:24 C30R:22 C3014R:24 C30R:22 C3014R:24 C30R:22 C3014R:24 C30R:22 C3014R:24 C30R:22 C3014R:24 C30R:22 C3014R:24 C30R:22 C3014R:4 C4112R:15 
J3003|U0001|C09SUBSNR:0 C09SNRARS:1 C30R:22 C3014R:24 C30R:22 C3014R:24 C30R:22 C3014R:24 C30R:22 C3014R:24 C30R:22 C3014R:24 C30R:22 C3014R:24 C30R:22 C3014R:24 C30R:22 C3014R:24 C30R:22 C3014R:24 C30R:22 C3014R:24 C30R:22 C3014R:24 C30R:14 
J30820|USTR0001|C09SUBSNR:0 C09SNRARS:1 C30R:22 C3014R:24 C30R:22 C3014R:24 C30R:22 C3014R:24 C30R:22 C3014R:24 C30R:22 C3014R:24 C30R:22 C3014R:24 C30R:22 C3014R:24 C30R:22 C3014R:24 C30R:22 C3014R:24 C30R:22 C3014R:8 
J30835|USTR0012|C09SUBSNR:0 C09SNRARS:1 C30R:22 C3014R:24 C30R:22 C3014R:24 C30R:22 C3014R:24 C30R:22 C3014R:24 C30R:22 C3014R:24 C30R:22 C3014R:24 C30R:22 C3014R:24 C30R:22 C3014R:24 C30R:22 C3014R:24 C30R:22 C3014R:24 C30R:22 C3014R:12 C3031RSI:16 
J30026|USTC0001|C09SUBSNR:0 C09SNRARS:1 C30R:22 C3014R:24 C30R:22 C3014R:24 C30R:22 C3014R:24 C30R:22 C3014R:24 C30R:22 C3014R:21 C3011R:3 
J30835|USTR0001|C09SUBSNR:0 C09SNRARS:1 C30R:22 C3014R:24 C30R:22 C3014R:24 C30R:22 C3014R:24 C30R:22 C3014R:24 C30R:22 C3014R:24 C30R:22 C3014R:24 C30R:22 C3014R:10 
J4101|U0001|C09SUBSNR:0 C09SNRARS:1 C30R:22 C3014R:24 C30R:22 C3014R:24 C30R:22 C3014R:24 C30R:22 C3014R:24 C30R:22 C3014R:24 C30R:22 C3014R:21 C3011R:20 C4111R:2 
J3002|USTC0002|C09SUBSNR:0 C4114A:15 
J3002|USTC0001O|C09SUBSNR:0 C09SNRARS:1 C30R:22 C3014R:24 C30R:22 C3014R:24 C30R:22 C3014R:24 C30R:22 C3014R:24 C30R:22 C3014R:24 C30R:22 C3014R:24 C30R:22 C3014R:24 C30R:22 C3014R:24 C30R:22 C3014R:24 C30R:22 C3014R:12 C3031RSI:6 
J30026|USTC0001|C09SUBSNR:0 C09SNRARS:1 C30R:22 C3014R:24 C30R:22 C3014R:24 C30R:22 C3014R:24 C30R:4 
J30835|USTR0012|C09SUBSNR:0 C09SNRARS:1 C30R:22 C3014R:24 C30R:22 C3014R:12 C3031RSI:16 
J30026|USTC0001|C09SUBSNR:0 C09SNRARS:1 C30R:22 C3014R:24 C30R:22 C3014R:24 C30R:22 C3014R:21 C3011R:3 
J30835|USTR0001P|C09SUBSNR:0 C09SNRARS:1 C30R:22 C3014R:24 C30R:22 C3014R:24 C30R:22 C3014R:24 C30R:22 C3014R:24 C30R:22 C3014R:9 
J3002|U0001|C09SUBSNR:0 C09SNRARS:1 C30R:22 C3014R:24 C30R:22 C3014R:24 C30R:22 C3014R:24 C30R:22 C3014R:24 C30R:22 C3014R:24 C30R:22 C3014R:24 C30R:22 C3014R:24 C30R:22 C3014R:24 C30R:22 C3014R:24 C30R:22 C3014R:24 C30R:22 C3014R:21 C3011R:2 
J4114|U0001|C09SUBSNR:0 C09SNRARS:1 C30R:22 C3014R:24 C30R:22 C3014R:24 C30R:22 C3014R:24 C30R:22 C3014R:24 C30R:22 C3014R:24 C30R:22 C3014R:24 C30R:22 C3014R:24 C30R:22 C3014R:24 C30R:22 C3014R:24 C30R:22 C3014R:24 C30R:22 C3014R:21 C3011R:20 C4111R:10 
J4114|U0002|C09SUBSNR:0 C09SNRARS:1 C30R:22 C3014R:24 C30R:22 C3014R:24 C30R:22 C3014R:24 C30R:22 C3014R:24 C30R:22 C3014R:24 C30R:22 C3014R:24 C30R:22 C3014R:24 C30R:22 C3014R:24 C30R:22 C3014R:21 C3011R:20 C4111R:12 
J30835|USTR0012|C09SUBSNR:0 C09SNRARS:1 C30R:22 C3014R:24 C30R:22 C3014R:24 C30R:22 C3014R:12 C3031RSI:16 
J30835|USTR0001|C09SUBSNR:0 C09SNRARS:1 C30R:22 C3014R:24 C30R:22 C3014R:24 C30R:22 C3014R:24 C30R:22 C3014R:24 C30R:22 C3014R:24 C30R:22 C3014R:24 C30R:22 C3014R:24 C30R:22 C3014R:24 C30R:22 C3014R:24 C30R:22 C3014R:12 C3031RSI:20 
J4112|U0001|C09SUBSNR:0 C09SNRARS:1 C30R:22 C3014R:24 C30R:22 C3014R:24 C30R:22 C3014R:21 C3011R:20 C4111R:8 
J30835|USTR0012P|C09SUBSNR:0 C09SNRARS:1 C30R:22 C3014R:24 C30R:22 C3014R:24 C30R:22 C3014R:24 C30R:22 C3014R:24 C30R:22 C3014R:24 C30R:22 C3014R:24 C30R:22 C3014R:24 C30R:22 C3014R:24 C30R:22 C3014R:24 C30R:22 C3014R:24 C30R:22 C3014R:24 C30R:22 C3014R:24 C30R:22 C3014R:12 C3031RSI:15 
J4092|ZJDE0001|C09SUBSNR:0 C55:16 
J30820|USTR0001|C09SUBSNR:0 C09SNRARS:1 C30R:22 C3014R:8 
J30835|USTR0001|C09SUBSNR:0 C09SNRARS:1 C30R:22 C3014R:24 C30R:22 C3014R:24 C30R:22 C3014R:24 C30R:22 C3014R:24 C30R:22 C3014R:24 C30R:22 C3014R:24 C30R:22 C3014R:24 C30R:22 C3014R:24 C30R:22 C3014R:24 C30R:22 C3014R:24 C30R:22 C3014R:12 C3031RSI:20 
J41026|U0001|C09SUBSNR:0 C09SNRARS:1 C30R:22 C3014R:21 C3011R:20 C4111R:3 
J30835|USTR0012|C09SUBSNR:0 C09SNRARS:1 C30R:22 C3014R:24 C30R:22 C3014R:24 C30R:22 C3014R:24 C30R:22 C3014R:24 C30R:22 C3014R:24 C30R:22 C3014R:24 C30R:22 C3014R:12 C3031RSI:16 
J4113|U0001|C09SUBSNR:0 C09SNRARS:1 C30R:22 C3014R:24 C30R:22 C3014R:24 C30R:22 C3014R:24 C30R:22 C3014R:24 C30R:22 C3014R:24 C30R:22 C3014R:24 C30R:22 C3014R:21 C3011R:20 C4111R:9 
J30026|USTC0001|C09SUBSNR:0 C09SNRARS:1 C30R:22 C3014R:24 C30R:22 C3014R:24 C30R:22 C3014R:24 C30R:22 C3014R:24 C30R:22 C3014R:24 C30R:22 C3014R:24 C30R:22 C3014R:2 
J30835|USTR0012|C09SUBSNR:0 C09SNRARS:1 C30R:22 C3014R:24 C30R:22 C3014R:24 C30R:22 C3014R:24 C30R:22 C3014R:24 C30R:22 C3014R:12 C3031RSI:16 
J4105|U0001|C09SUBSNR:0 C09SNRARS:1 C30R:22 C3014R:24 C30R:22 C3014R:24 C30R:22 C3014R:24 C30R:22 C3014R:24 C30R:22 C3014R:24 C30R:22 C3014R:24 C30R:22 C3014R:24 C30R:22 C3014R:24 C30R:22 C3014R:4 C4112R:4 
J4114|U0001|C09SUBSNR:0 C09SNRARS:1 C30R:22 C3014R:24 C30R:22 C3014R:24 C30R:22 C3014R:24 C30R:22 C3014R:24 C30R:22 C3014R:24 C30R:22 C3014R:24 C30R:22 C3014R:24 C30R:22 C3014R:24 C30R:22 C3014R:24 C30R:22 C3014R:24 C30R:22 C3014R:24 C30R:22 C3014R:21 C3011R:20 C4111R:10 
J4016|U0001|C09SUBSNR:0 C09SNRARS:1 C30R:22 C3014R:24 C30R:22 C3014R:24 C30R:22 C3014R:24 C30R:22 C3014R:24 C30R:22 C3014R:24 C30R:22 C3014R:24 C30R:22 C3014R:4 C4112R:9 
J30026|USTC0001|C09SUBSNR:0 C09SNRARS:1 C30R:22 C3014R:24 C30R:22 C3014R:2 
J30820|USTR0001|C09SUBSNR:0 C09SNRARS:1 C30R:22 C3014R:24 C30R:22 C3014R:8 
J30835|USTR0001|C09SUBSNR:0 C09SNRARS:1 C30R:22 C3014R:24 C30R:22 C3014R:24 C30R:22 C3014R:24 C30R:22 C3014R:24 C30R:22 C3014R:24 C30R:22 C3014R:12 C3031RSI:20 
J3002|USTC0001|C09SUBSNR:0 C09SNRPC:6 C30PC:2 
J30835|USTR0001|C09SUBSNR:0 C09SNRARS:1 C30R:22 C3014R:24 C30R:22 C3014R:24 C30R:22 C3014R:10 
J41011||C09SUBSNR:0 C09SNRARS:1 C30R:22 C3014R:24 C30R:22 C3014R:4 C4112R:3 
J4101|U0001|C09SUBSNR:0 C09SNRARS:1 C30R:22 C3014R:24 C30R:22 C3014R:24 C30R:22 C3014R:24 C30R:22 C3014R:24 C30R:22 C3014R:24 C30R:22 C3014R:24 C30R:22 C3014R:24 C30R:22 C3014R:24 C30R:22 C3014R:24 C30R:22 C3014R:24 C30R:22 C3014R:24 C30R:22 C3014R:21 C3011R:20 C4111R:2 
J30026|USTC0001|C09SUBSNR:0 C09SNRARS:1 C30R:22 C3014R:24 C30R:22 C3014R:24 C30R:22 C3014R:24 C30R:22 C3014R:24 C30R:22 C3014R:24 C30R:22 C3014R:24 C30R:22 C3014R:24 C30R:22 C3014R:24 C30R:22 C3014R:24 C30R:22 C3014R:24 C30R:22 C3014R:24 C30R:22 C3014R:2 
J4114|U0002|C09SUBSNR:0 C09SNRARS:1 C30R:22 C3014R:24 C30R:22 C3014R:24 C30R:22 C3014R:24 C30R:22 C3014R:24 C30R:22 C3014R:24 C30R:22 C3014R:24 C30R:22 C3014R:24 C30R:22 C3014R:24 C30R:22 C3014R:24 C30R:22 C3014R:24 C30R:22 C3014R:24 C30R:22 C3014R:21 C3011R:20 C4111R:12 
J4101|U0001|C09SUBSNR:0 C09SNRPC:5 C41APC:1 
J4113|U0001|C09SUBSNR:0 C09SNRARS:1 C30R:22 C3014R:24 C30R:22 C3014R:24 C30R:22 C3014R:24 C30R:22 C3014R:21 C3011R:20 C4111R:9 
J4114|UR001|C09SUBSNR:0 C09SNRARS:3 C41RTXN:1 
J4105|U0001|C09SUBSNR:0 C09SNRARS:1 C30R:22 C3014R:24 C30R:22 C3014R:24 C30R:22 C3014R:24 C30R:22 C3014R:24 C30R:22 C3014R:24 C30R:22 C3014R:4 C4112R:4 
J3002|U0001|C09SUBSNR:0 C09SNRARS:1 C30R:22 C3014R:24 C30R:22 C3014R:24 C30R:22 C3014R:24 C30R:22 C3014R:24 C30R:22 C3014R:24 C30R:22 C3014R:24 C30R:22 C3014R:24 C30R:22 C3014R:24 C30R:22 C3014R:24 C30R:22 C3014R:24 C30R:22 C3014R:24 C30R:22 C3014R:24 C30R:22 C3014R:21 C3011R:2 
J4016|U0002|C09SUBSNR:0 C09SNRARS:1 C30R:22 C3014R:24 C30R:22 C3014R:24 C30R:22 C3014R:4 C4112R:8 
J4016|U0001|C09SUBSNR:0 C09SNRARS:1 C30R:22 C3014R:24 C30R:22 C3014R:24 C30R:22 C3014R:24 C30R:22 C3014R:24 C30R:22 C3014R:24 C30R:22 C3014R:24 C30R:22 C3014R:24 C30R:22 C3014R:24 C30R:22 C3014R:24 C30R:22 C3014R:24 C30R:22 C3014R:24 C30R:22 C3014R:24 C30R:22 C3014R:4 C4112R:9 
J0901A||C09SUBSNR:0 C09411ACCT:7 
J3003|U0001|C09SUBSNR:0 C09SNRARS:1 C30R:22 C3014R:24 C30R:22 C3014R:24 C30R:22 C3014R:24 C30R:22 C3014R:24 C30R:22 C3014R:24 C30R:22 C3014R:24 C30R:22 C3014R:24 C30R:22 C3014R:24 C30R:22 C3014R:21 C3011R:14 
J30026|USTC0001|C09SUBSNR:0 C09SNRARS:1 C30R:22 C3014R:24 C30R:22 C3014R:24 C30R:22 C3014R:24 C30R:22 C3014R:24 C30R:22 C3014R:24 C30R:22 C3014R:24 C30R:22 C3014R:24 C30R:22 C3014R:24 C30R:22 C3014R:24 C30R:22 C3014R:24 C30R:22 C3014R:24 C30R:22 C3014R:24 C30R:22 C3014R:21 C3011R:3 
J41011||C09SUBSNR:0 C09SNRARS:1 C30R:22 C3014R:24 C30R:22 C3014R:24 C30R:22 C3014R:24 C30R:22 C3014R:24 C30R:22 C3014R:24 C30R:22 C3014R:4 C4112R:3 
J3003|U0001|C09SUBSNR:0 C09SNRARS:1 C30R:22 C3014R:24 C30R:22 C3014R:24 C30R:22 C3014R:24 C30R:22 C3014R:24 C30R:22 C3014R:24 C30R:22 C3014R:24 C30R:22 C3014R:24 C30R:22 C3014R:21 C3011R:14 
J3002|USTC0001|C09SUBSNR:0 C09SNRARS:1 C30R:22 C3014R:24 C30R:22 C3014R:24 C30R:22 C3014R:24 C30R:22 C3014R:24 C30R:22 C3014R:24 C30R:2 
J30026|USTC0001|C09SUBSNR:0 C09SNRARS:1 C30R:22 C3014R:24 C30R:22 C3014R:24 C30R:22 C3014R:24 C30R:22 C3014R:24 C30R:22 C3014R:24 C30R:22 C3014R:2 
J41011||C09SUBSNR:0 C09SNRARS:1 C30R:22 C3014R:24 C30R:22 C3014R:24 C30R:22 C3014R:24 C30R:22 C3014R:24 C30R:22 C3014R:24 C30R:22 C3014R:24 C30R:22 C3014R:24 C30R:22 C3014R:24 C30R:22 C3014R:4 C4112R:3 
J4113|U0001|C09SUBSNR:0 C09SNRARS:1 C30R:22 C3014R:24 C30R:22 C3014R:24 C30R:22 C3014R:21 C3011R:20 C4111R:9 
J4114|U0013PC2|C09SUBSNR:0 C09SNRPC:14 C41TXN1PC:9 
J30026|USTC0001|C09SUBSNR:0 C09SNRARS:1 C30R:22 C3014R:24 C30R:22 C3014R:24 C30R:22 C3014R:24 C30R:22 C3014R:21 C3011R:3 
J09201||C09SUBSNR:0 C09REVPST:2 
J4114|U0001|C09SUBSNR:0 C09SNRARS:1 C30R:22 C3014R:24 C30R:22 C3014R:24 C30R:22 C3014R:24 C30R:22 C3014R:21 C3011R:20 C4111R:10 
J41026|U0001|C09SUBSNR:0 C09SNRARS:1 C30R:22 C3014R:24 C30R:22 C3014R:24 C30R:22 C3014R:21 C3011R:20 C4111R:3 
J41026|U0001|C09SUBSNR:0 C09SNRPC:6 C30PC:24 C41APC:2 
J42045|USTC0001PC|C09SUBSNR:0 C09SNRPC:14 C41TXN1PC:19 
J3002|U0001|C09SUBSNR:0 C09SNRARS:1 C30R:22 C3014R:24 C30R:22 C3014R:21 C3011R:2 
J30835|USTR0001P|C09SUBSNR:0 C09SNRARS:1 C30R:22 C3014R:24 C30R:22 C3014R:24 C30R:22 C3014R:24 C30R:22 C3014R:24 C30R:22 C3014R:24 C30R:22 C3014R:24 C30R:22 C3014R:24 C30R:22 C3014R:24 C30R:22 C3014R:24 C30R:22 C3014R:9 
J4101|U0001|C09SUBSNR:0 C09SNRARS:1 C30R:22 C3014R:24 C30R:22 C3014R:24 C30R:22 C3014R:4 C4112R:2 
J4114|U0001|C09SUBSNR:0 C09SNRARS:1 C30R:22 C3014R:24 C30R:22 C3014R:24 C30R:22 C3014R:24 C30R:22 C3014R:24 C30R:22 C3014R:21 C3011R:20 C4111R:10 
J3002|U0001|C09SUBSNR:0 C09SNRARS:1 C30R:22 C3014R:24 C30R:22 C3014R:24 C30R:22 C3014R:24 C30R:22 C3014R:21 C3011R:2 
J3003|U0001|C09SUBSNR:0 C09SNRARS:1 C30R:22 C3014R:24 C30R:22 C3014R:24 C30R:22 C3014R:24 C30R:22 C3014R:24 C30R:14 
J4114|U0003|C09SUBSNR:0 C09SNRARS:1 C30R:22 C3014R:24 C30R:22 C3014R:21 C3011R:20 C4111R:7 
J30026|USTC0001|C09SUBSNR:0 C09SNRARS:1 C30R:22 C3014R:24 C30R:4 
J4105|U0001|C09SUBSNR:0 C09SNRARS:1 C30R:22 C3014R:24 C30R:22 C3014R:24 C30R:22 C3014R:24 C30R:22 C3014R:24 C30R:22 C3014R:24 C30R:22 C3014R:24 C30R:22 C3014R:4 C4112R:4 
J41022||C09SUBSNR:0 C09SNRARS:1 C30R:22 C3014R:24 C30R:22 C3014R:24 C30R:22 C3014R:24 C30R:22 C3014R:24 C30R:22 C3014R:24 C30R:22 C3014R:24 C30R:22 C3014R:24 C30R:22 C3014R:24 C30R:22 C3014R:24 C30R:22 C3014R:4 C4112R:15 
J30026|USTC0001|C09SUBSNR:0 C09SNRARS:1 C30R:22 C3014R:24 C30R:22 C3014R:24 C30R:22 C3014R:24 C30R:22 C3014R:24 C30R:22 C3014R:24 C30R:22 C3014R:24 C30R:4 
J41026|U0001|C09SUBSNR:0 C09SNRARS:1 C30R:22 C3014R:24 C30R:22 C3014R:24 C30R:22 C3014R:24 C30R:22 C3014R:24 C30R:22 C3014R:21 C3011R:20 C4111R:3 
J4113|U0001|C09SUBSNR:0 C09SNRARS:1 C30R:22 C3014R:24 C30R:22 C3014R:24 C30R:22 C3014R:24 C30R:22 C3014R:24 C30R:22 C3014R:24 C30R:22 C3014R:24 C30R:22 C3014R:24 C30R:22 C3014R:24 C30R:22 C3014R:24 C30R:22 C3014R:24 C30R:22 C3014R:24 C30R:22 C3014R:21 C3011R:20 C4111R:9 
J4114|U0014|C09SUBSNR:0 C09SNRPC:6 C30PC:24 C41APC:6 
J3002|USTC0004|C09SUBSNR:0 C09SNRARS:1 C30R:22 C3014R:24 C30R:22 C3014R:24 C30R:22 C3014R:24 C30R:22 C3014R:24 C30R:22 C3014R:24 C30R:22 C3014R:24 C30R:22 C3014R:24 C30R:22 C3014R:24 C30R:22 C3014R:24 C30R:22 C3014R:24 C30R:22 C3014R:24 C30R:22 C3014R:24 C30R:3 
J41026|U0001|C09SUBSNR:0 C09SNRARS:1 C30R:22 C3014R:24 C30R:22 C3014R:24 C30R:22 C3014R:24 C30R:22 C3014R:24 C30R:22 C3014R:4 C4112R:14 
J30026|USTC0001|C09SUBSNR:0 C09SNRARS:1 C30R:22 C3014R:24 C30R:22 C3014R:24 C30R:22 C3014R:24 C30R:22 C3014R:24 C30R:22 C3014R:2 
J30835|USTR0001|C09SUBSNR:0 C09SNRARS:1 C30R:22 C3014R:24 C30R:22 C3014R:24 C30R:22 C3014R:24 C30R:22 C3014R:12 C3031RSI:20 
J30026|USTC0001|C09SUBSNR:0 C09SNRARS:1 C30R:22 C3014R:24 C30R:22 C3014R:24 C30R:22 C3014R:24 C30R:22 C3014R:24 C30R:22 C3014R:24 C30R:22 C3014R:24 C30R:22 C3014R:24 C30R:22 C3014R:24 C30R:4 
J3002|U0001|C09SUBSNR:0 C09SNRARS:1 C30R:22 C3014R:24 C30R:22 C3014R:24 C30R:22 C3014R:24 C30R:22 C3014R:24 C30R:22 C3014R:24 C30R:22 C3014R:24 C30R:22 C3014R:24 C30R:22 C3014R:21 C3011R:2 
J3114|USTC0001|C09SUBSNR:0 C09SNRARS:2 C31R:2 C3115R:9 
J3002|USTC0001O|C09SUBSNR:0 C09SNRARS:1 C30R:22 C3014R:24 C30R:22 C3014R:24 C30R:22 C3014R:24 C30R:22 C3014R:24 C30R:22 C3014R:24 C30R:22 C3014R:24 C30R:22 C3014R:24 C30R:22 C3014R:24 C30R:22 C3014R:24 C30R:22 C3014R:24 C30R:22 C3014R:24 C30R:22 C3014R:12 C3031RSI:6 
J30835|USTR0001P|C09SUBSNR:0 C09SNRARS:1 C30R:22 C3014R:24 C30R:22 C3014R:24 C30R:22 C3014R:24 C30R:22 C3014R:24 C30R:22 C3014R:24 C30R:22 C3014R:24 C30R:22 C3014R:9 
J41026|U0001|C09SUBSNR:0 C09SNRARS:1 C30R:22 C3014R:24 C30R:22 C3014R:24 C30R:22 C3014R:24 C30R:22 C3014R:24 C30R:22 C3014R:24 C30R:22 C3014R:24 C30R:22 C3014R:24 C30R:22 C3014R:4 C4112R:14 
J4105|U0001|C09SUBSNR:0 C09SNRARS:1 C30R:22 C3014R:24 C30R:22 C3014R:24 C30R:22 C3014R:4 C4112R:4 
J3002|USTC0001O|C09SUBSNR:0 C09SNRARS:1 C30R:22 C3014R:12 C3031RSI:6 
J41022||C09SUBSNR:0 C09SNRARS:1 C30R:22 C3014R:24 C30R:22 C3014R:24 C30R:22 C3014R:24 C30R:22 C3014R:24 C30R:22 C3014R:24 C30R:22 C3014R:24 C30R:22 C3014R:4 C4112R:15 
J30835|USTR0001P|C09SUBSNR:0 C09SNRARS:1 C30R:22 C3014R:24 C30R:22 C3014R:24 C30R:22 C3014R:24 C30R:22 C3014R:24 C30R:22 C3014R:24 C30R:22 C3014R:24 C30R:22 C3014R:24 C30R:22 C3014R:24 C30R:22 C3014R:9 
J30026|USTC0001|C09SUBSNR:0 C09SNRARS:1 C30R:22 C3014R:24 C30R:22 C3014R:24 C30R:22 C3014R:24 C30R:22 C3014R:24 C30R:22 C3014R:24 C30R:22 C3014R:24 C30R:22 C3014R:24 C30R:22 C3014R:24 C30R:22 C3014R:21 C3011R:3 
J4112|U0001|C09SUBSNR:0 C09SNRARS:1 C30R:22 C3014R:24 C30R:22 C3014R:24 C30R:22 C3014R:24 C30R:22 C3014R:24 C30R:22 C3014R:24 C30R:22 C3014R:24 C30R:22 C3014R:24 C30R:22 C3014R:24 C30R:22 C3014R:24 C30R:22 C3014R:24 C30R:22 C3014R:24 C30R:22 C3014R:21 C3011R:20 C4111R:8 
J4116|U0001|C09SUBSNR:0 C09SNRARS:1 C30R:22 C3014R:24 C30R:22 C3014R:24 C30R:22 C3014R:24 C30R:22 C3014R:24 C30R:22 C3014R:24 C30R:22 C3014R:21 C3011R:20 C4111R:11 
J4112|U0001|C09SUBSNR:0 C09SNRARS:1 C30R:22 C3014R:24 C30R:22 C3014R:24 C30R:22 C3014R:24 C30R:22 C3014R:24 C30R:22 C3014R:24 C30R:22 C3014R:24 C30R:22 C3014R:21 C3011R:20 C4111R:8 
J3002|USTC0004|C09SUBSNR:0 C09SNRARS:1 C30R:22 C3014R:24 C30R:22 C3014R:24 C30R:22 C3014R:24 C30R:22 C3014R:24 C30R:22 C3014R:24 C30R:22 C3014R:24 C30R:22 C3014R:24 C30R:22 C3014R:24 C30R:22 C3014R:24 C30R:22 C3014R:24 C30R:22 C3014R:24 C30R:3 
J30026|USTC0001|C09SUBSNR:0 C09SNRARS:1 C30R:22 C3014R:24 C30R:22 C3014R:24 C30R:22 C3014R:24 C30R:22 C3014R:24 C30R:22 C3014R:24 C30R:22 C3014R:24 C30R:22 C3014R:24 C30R:22 C3014R:24 C30R:22 C3014R:24 C30R:22 C3014R:24 C30R:22 C3014R:21 C3011R:3 
J30835|USTR0012|C09SUBSNR:0 C09SNRARS:1 C30R:22 C3014R:24 C30R:22 C3014R:24 C30R:22 C3014R:24 C30R:22 C3014R:24 C30R:22 C3014R:24 C30R:22 C3014R:24 C30R:22 C3014R:24 C30R:22 C3014R:12 C3031RSI:16 
J30835|USTR0001P|C09SUBSNR:0 C09SNRARS:1 C30R:22 C3014R:24 C30R:22 C3014R:24 C30R:22 C3014R:24 C30R:22 C3014R:24 C30R:22 C3014R:24 C30R:22 C3014R:12 C3031RSI:19 
J3002|U0001|C09SUBSNR:0 C09SNRARS:1 C30R:22 C3014R:24 C30R:22 C3014R:24 C30R:22 C3014R:24 C30R:22 C3014R:24 C30R:22 C3014R:21 C3011R:2 
J09101|USTC0001|C09SUBSNR:0 C09SUBSNR:14 
J3003|U0001|C09SUBSNR:0 C09SNRARS:1 C30R:22 C3014R:24 C30R:22 C3014R:24 C30R:22 C3014R:24 C30R:22 C3014R:24 C30R:22 C3014R:24 C30R:22 C3014R:24 C30R:14 
J41011||C09SUBSNR:0 C09SNRARS:1 C30R:22 C3014R:24 C30R:22 C3014R:24 C30R:22 C3014R:24 C30R:22 C3014R:24 C30R:22 C3014R:24 C30R:22 C3014R:24 C30R:22 C3014R:24 C30R:22 C3014R:24 C30R:22 C3014R:24 C30R:22 C3014R:24 C30R:22 C3014R:4 C4112R:3 
J30820|USTN001SIM|C09SUBSNR:0 C09SNRPC:6 C30PC:22 C3014PC:5 
J30835|USTR0001P|C09SUBSNR:0 C09SNRARS:1 C30R:22 C3014R:24 C30R:22 C3014R:24 C30R:22 C3014R:24 C30R:22 C3014R:24 C30R:22 C3014R:24 C30R:22 C3014R:24 C30R:22 C3014R:24 C30R:22 C3014R:24 C30R:22 C3014R:24 C30R:22 C3014R:24 C30R:22 C3014R:24 C30R:22 C3014R:24 C30R:22 C3014R:12 C3031RSI:19 
J30835|USTR0001|C09SUBSNR:0 C09SNRARS:1 C30R:22 C3014R:24 C30R:22 C3014R:24 C30R:22 C3014R:24 C30R:22 C3014R:24 C30R:22 C3014R:24 C30R:22 C3014R:24 C30R:22 C3014R:24 C30R:22 C3014R:24 C30R:22 C3014R:10 
J41011||C09SUBSNR:0 C09SNRARS:1 C30R:22 C3014R:24 C30R:22 C3014R:24 C30R:22 C3014R:24 C30R:22 C3014R:24 C30R:22 C3014R:4 C4112R:3 
J4016|U0002|C09SUBSNR:0 C09SNRARS:1 C30R:22 C3014R:24 C30R:22 C3014R:24 C30R:22 C3014R:24 C30R:22 C3014R:24 C30R:22 C3014R:24 C30R:22 C3014R:24 C30R:22 C3014R:24 C30R:22 C3014R:24 C30R:22 C3014R:24 C30R:22 C3014R:24 C30R:22 C3014R:24 C30R:22 C3014R:24 C30R:22 C3014R:4 C4112R:8 
J3003|U0001|C09SUBSNR:0 C09SNRARS:1 C30R:22 C3014R:24 C30R:22 C3014R:24 C30R:22 C3014R:24 C30R:22 C3014R:24 C30R:22 C3014R:24 C30R:22 C3014R:24 C30R:22 C3014R:24 C30R:22 C3014R:24 C30R:22 C3014R:24 C30R:22 C3014R:24 C30R:22 C3014R:24 C30R:22 C3014R:24 C30R:22 C3014R:21 C3011R:14 
J30026|USTC0001|C09SUBSNR:0 C09SNRARS:1 C30R:22 C3014R:24 C30R:22 C3014R:24 C30R:22 C3014R:24 C30R:22 C3014R:24 C30R:22 C3014R:24 C30R:22 C3014R:24 C30R:22 C3014R:24 C30R:22 C3014R:24 C30R:22 C3014R:24 C30R:4 
J4016|U0002|C09SUBSNR:0 C09SNRARS:1 C30R:22 C3014R:24 C30R:22 C3014R:24 C30R:22 C3014R:24 C30R:22 C3014R:24 C30R:22 C3014R:24 C30R:22 C3014R:24 C30R:22 C3014R:24 C30R:22 C3014R:24 C30R:22 C3014R:24 C30R:22 C3014R:4 C4112R:8 
J3002|USTC0001O|C09SUBSNR:0 C09SNRARS:1 C30R:22 C3014R:24 C30R:22 C3014R:24 C30R:22 C3014R:24 C30R:22 C3014R:24 C30R:22 C3014R:24 C30R:22 C3014R:24 C30R:22 C3014R:24 C30R:22 C3014R:24 C30R:22 C3014R:24 C30R:22 C3014R:24 C30R:22 C3014R:12 C3031RSI:6 
J30835|USTR0012|C09SUBSNR:0 C09SNRARS:1 C30R:22 C3014R:24 C30R:22 C3014R:24 C30R:22 C3014R:24 C30R:22 C3014R:24 C30R:22 C3014R:24 C30R:22 C3014R:24 C30R:22 C3014R:24 C30R:22 C3014R:24 C30R:22 C3014R:24 C30R:22 C3014R:24 C30R:22 C3014R:24 C30R:22 C3014R:24 C30R:22 C3014R:12 C3031RSI:16 
J41026|U0001|C09SUBSNR:0 C09SNRARS:1 C30R:22 C3014R:24 C30R:22 C3014R:24 C30R:22 C3014R:24 C30R:22 C3014R:24 C30R:22 C3014R:24 C30R:22 C3014R:24 C30R:22 C3014R:24 C30R:22 C3014R:24 C30R:22 C3014R:24 C30R:22 C3014R:21 C3011R:20 C4111R:3 
J4092|ZJDE0002|C09SUBSNR:0 C55:17 
J30835|USTR0001|C09SUBSNR:0 C09SNRARS:1 C30R:22 C3014R:24 C30R:22 C3014R:12 C3031RSI:20 
J09800|USTC0005|C09SUBSNR:0 C09REVPST:23 
J3003|U0001|C09SUBSNR:0 C09SNRARS:1 C30R:22 C3014R:24 C30R:22 C3014R:21 C3011R:14 
J4113|U0001|C09SUBSNR:0 C09SNRARS:1 C30R:22 C3014R:24 C30R:22 C3014R:24 C30R:22 C3014R:24 C30R:22 C3014R:24 C30R:22 C3014R:24 C30R:22 C3014R:24 C30R:22 C3014R:24 C30R:22 C3014R:21 C3011R:20 C4111R:9 
J4101|U0001|C09SUBSNR:0 C09SNRARS:1 C30R:22 C3014R:4 C4112R:2 
J0901||C09SUBSNR:0 C04ACCT:1 C0414:24 
J3002|USTC0001O|C09SUBSNR:0 C09SNRARS:1 C30R:22 C3014R:24 C30R:22 C3014R:24 C30R:22 C3014R:24 C30R:22 C3014R:24 C30R:22 C3014R:24 C30R:22 C3014R:24 C30R:22 C3014R:12 C3031RSI:6 
J4114|U0002|C09SUBSNR:0 C09SNRARS:1 C30R:22 C3014R:24 C30R:22 C3014R:24 C30R:22 C3014R:24 C30R:22 C3014R:24 C30R:22 C3014R:24 C30R:22 C3014R:24 C30R:22 C3014R:21 C3011R:20 C4111R:12 
J3003|U0001|C09SUBSNR:0 C09SNRARS:1 C30R:22 C3014R:24 C30R:22 C3014R:24 C30R:22 C3014R:24 C30R:22 C3014R:24 C30R:22 C3014R:24 C30R:22 C3014R:24 C30R:22 C3014R:21 C3011R:14 
J30835|USTR0001|C09SUBSNR:0 C09SNRARS:1 C30R:22 C3014R:24 C30R:22 C3014R:24 C30R:22 C3014R:24 C30R:22 C3014R:24 C30R:22 C3014R:24 C30R:22 C3014R:24 C30R:22 C3014R:24 C30R:22 C3014R:24 C30R:22 C3014R:24 C30R:22 C3014R:24 C30R:22 C3014R:24 C30R:22 C3014R:24 C30R:22 C3014R:24 C30R:22 C3014R:10 
J3002|USTC0004|C09SUBSNR:0 C09SNRARS:1 C30R:22 C3014R:24 C30R:22 C3014R:24 C30R:22 C3014R:24 C30R:22 C3014R:24 C30R:22 C3014R:24 C30R:22 C3014R:24 C30R:22 C3014R:24 C30R:22 C3014R:24 C30R:22 C3014R:24 C30R:22 C3014R:24 C30R:3 
J3002|USTC0004|C09SUBSNR:0 C09SNRARS:1 C30R:3 
J30835|USTN0001|C09SUBSNR:0 C09SNRPC:6 C30PC:22 C3014PC:7 
J4101|U0001|C09SUBSNR:0 C09SNRARS:1 C30R:22 C3014R:24 C30R:22 C3014R:24 C30R:22 C3014R:24 C30R:22 C3014R:24 C30R:22 C3014R:21 C3011R:20 C4111R:2 
J41022||C09SUBSNR:0 C09SNRARS:1 C30R:22 C3014R:24 C30R:22 C3014R:24 C30R:22 C3014R:24 C30R:22 C3014R:24 C30R:22 C3014R:24 C30R:22 C3014R:24 C30R:22 C3014R:24 C30R:22 C3014R:4 C4112R:15 
J41011||C09SUBSNR:0 C09SNRARS:1 C30R:22 C3014R:24 C30R:22 C3014R:24 C30R:22 C3014R:24 C30R:22 C3014R:24 C30R:22 C3014R:24 C30R:22 C3014R:24 C30R:22 C3014R:24 C30R:22 C3014R:4 C4112R:3 
J30835|USTR0001P|C09SUBSNR:0 C09SNRARS:1 C30R:22 C3014R:24 C30R:22 C3014R:24 C30R:22 C3014R:24 C30R:22 C3014R:9 
J4016|U0001|C09SUBSNR:0 C09SNRARS:1 C30R:22 C3014R:24 C30R:22 C3014R:4 C4112R:9 
J30835|USTR0001P|C09SUBSNR:0 C09SNRARS:1 C30R:22 C3014R:24 C30R:22 C3014R:24 C30R:22 C3014R:12 C3031RSI:19 
J30835|USTR0001|C09SUBSNR:0 C09SNRARS:1 C30R:22 C3014R:24 C30R:22 C3014R:24 C30R:22 C3014R:24 C30R:22 C3014R:10 
J4101|U0001|C09SUBSNR:0 C09SNRARS:1 C30R:22 C3014R:24 C30R:22 C3014R:24 C30R:22 C3014R:24 C30R:22 C3014R:24 C30R:22 C3014R:24 C30R:22 C3014R:24 C30R:22 C3014R:24 C30R:22 C3014R:24 C30R:22 C3014R:21 C3011R:20 C4111R:2 
J30835|USTR0001|C09SUBSNR:0 C09SNRARS:1 C30R:22 C3014R:24 C30R:22 C3014R:24 C30R:22 C3014R:24 C30R:22 C3014R:24 C30R:22 C3014R:24 C30R:22 C3014R:24 C30R:22 C3014R:24 C30R:22 C3014R:24 C30R:22 C3014R:24 C30R:22 C3014R:24 C30R:22 C3014R:24 C30R:22 C3014R:24 C30R:22 C3014R:12 C3031RSI:20 
J30835|USTR0012P|C09SUBSNR:0 C09SNRARS:1 C30R:22 C3014R:24 C30R:22 C3014R:24 C30R:22 C3014R:24 C30R:22 C3014R:12 C3031RSI:15 
J4116|U0001|C09SUBSNR:0 C09SNRARS:1 C30R:22 C3014R:24 C30R:22 C3014R:24 C30R:22 C3014R:24 C30R:22 C3014R:24 C30R:22 C3014R:24 C30R:22 C3014R:24 C30R:22 C3014R:24 C30R:22 C3014R:24 C30R:22 C3014R:24 C30R:22 C3014R:24 C30R:22 C3014R:24 C30R:22 C3014R:21 C3011R:20 C4111R:11 
J30835|USTR0012P|C09SUBSNR:0 C09SNRARS:1 C30R:22 C3014R:24 C30R:22 C3014R:24 C30R:22 C3014R:24 C30R:22 C3014R:24 C30R:22 C3014R:24 C30R:22 C3014R:24 C30R:22 C3014R:24 C30R:22 C3014R:24 C30R:22 C3014R:24 C30R:22 C3014R:12 C3031RSI:15 
J4114|U0002|C09SUBSNR:0 C09SNRARS:1 C30R:22 C3014R:21 C3011R:20 C4111R:12 
J41026|U0001|C09SUBSNR:0 C09SNRARS:1 C30R:22 C3014R:24 C30R:22 C3014R:24 C30R:22 C3014R:24 C30R:22 C3014R:24 C30R:22 C3014R:24 C30R:22 C3014R:24 C30R:22 C3014R:24 C30R:22 C3014R:24 C30R:22 C3014R:4 C4112R:14 
J4101|U0001|C09SUBSNR:0 C09SNRARS:1 C30R:22 C3014R:24 C30R:22 C3014R:24 C30R:22 C3014R:24 C30R:22 C3014R:24 C30R:22 C3014R:24 C30R:22 C3014R:24 C30R:22 C3014R:24 C30R:22 C3014R:24 C30R:22 C3014R:24 C30R:22 C3014R:4 C4112R:2 
J4113|U0001|C09SUBSNR:0 C09SNRARS:1 C30R:22 C3014R:24 C30R:22 C3014R:24 C30R:22 C3014R:24 C30R:22 C3014R:24 C30R:22 C3014R:24 C30R:22 C3014R:24 C30R:22 C3014R:24 C30R:22 C3014R:24 C30R:22 C3014R:24 C30R:22 C3014R:24 C30R:22 C3014R:24 C30R:22 C3014R:24 C30R:22 C3014R:21 C3011R:20 C4111R:9 
J30835|USTR0012|C09SUBSNR:0 C09SNRARS:1 C30R:22 C3014R:24 C30R:22 C3014R:24 C30R:22 C3014R:24 C30R:22 C3014R:24 C30R:22 C3014R:24 C30R:22 C3014R:24 C30R:22 C3014R:24 C30R:22 C3014R:24 C30R:22 C3014R:12 C3031RSI:16 
J4113|USTC0001PC|C09SUBSNR:0 C09SNRPC:5 C41APC:5 
J30835|USTR0001|C09SUBSNR:0 C09SNRARS:1 C30R:22 C3014R:24 C30R:22 C3014R:10 
J3002|USTC0001|C09SUBSNR:0 C09SNRARS:1 C30R:22 C3014R:24 C30R:22 C3014R:24 C30R:2 
J3002|U0001|C09SUBSNR:0 C09SNRARS:1 C30R:22 C3014R:21 C3011R:2 
J41022||C09SUBSNR:0 C09SNRARS:1 C30R:22 C3014R:24 C30R:22 C3014R:4 C4112R:15 
J30835|USTR0001P|C09SUBSNR:0 C09SNRARS:1 C30R:22 C3014R:12 C3031RSI:19 
J4101|U0001|C09SUBSNR:0 C09SNRARS:1 C30R:22 C3014R:24 C30R:22 C3014R:21 C3011R:20 C4111R:2 
J4016|U0001|C09SUBSNR:0 C09SNRARS:1 C30R:22 C3014R:24 C30R:22 C3014R:24 C30R:22 C3014R:24 C30R:22 C3014R:24 C30R:22 C3014R:24 C30R:22 C3014R:24 C30R:22 C3014R:24 C30R:22 C3014R:24 C30R:22 C3014R:24 C30R:22 C3014R:24 C30R:22 C3014R:4 C4112R:9 
J3003|U0001|C09SUBSNR:0 C09SNRARS:1 C30R:22 C3014R:24 C30R:22 C3014R:24 C30R:22 C3014R:24 C30R:22 C3014R:24 C30R:22 C3014R:24 C30R:22 C3014R:24 C30R:22 C3014R:24 C30R:14 
J30835|USTR0012|C09SUBSNR:0 C09SNRARS:1 C30R:22 C3014R:24 C30R:22 C3014R:24 C30R:22 C3014R:24 C30R:22 C3014R:24 C30R:22 C3014R:24 C30R:22 C3014R:12 C3031RSI:16 
J3002|USTC0001|C09SUBSNR:0 C09SNRARS:1 C30R:22 C3014R:24 C30R:22 C3014R:24 C30R:22 C3014R:24 C30R:22 C3014R:24 C30R:22 C3014R:24 C30R:22 C3014R:24 C30R:2 
J4112|U0001|C09SUBSNR:0 C09SNRARS:1 C30R:22 C3014R:21 C3011R:20 C4111R:8 
J4312|USTC0002PC|C09SUBSNR:0 C09SNRPC:3 C43PA3PC:3 
J3114|USTC0001PC|C09SUBSNR:0 C09SNRPC:10 
J4116|USTR0008|C09SUBSNR:0 C09SNRARS:3 C41RTXN:16 
J41011||C09SUBSNR:0 C09SNRARS:1 C30R:22 C3014R:24 C30R:22 C3014R:24 C30R:22 C3014R:24 C30R:22 C3014R:24 C30R:22 C3014R:24 C30R:22 C3014R:24 C30R:22 C3014R:24 C30R:22 C3014R:24 C30R:22 C3014R:24 C30R:22 C3014R:24 C30R:22 C3014R:24 C30R:22 C3014R:24 C30R:22 C3014R:4 C4112R:3 
J4114|U0014|C09SUBSNR:0 C09SNRPC:5 C41APC:6 
J4105|U0001|C09SUBSNR:0 C09SNRARS:1 C30R:22 C3014R:24 C30R:22 C3014R:4 C4112R:4 
J30820|USTR0001|C09SUBSNR:0 C09SNRARS:1 C30R:22 C3014R:24 C30R:22 C3014R:24 C30R:22 C3014R:24 C30R:22 C3014R:24 C30R:22 C3014R:24 C30R:22 C3014R:24 C30R:22 C3014R:8 
J4016|U0002|C09SUBSNR:0 C09SNRARS:1 C30R:22 C3014R:4 C4112R:8 
J30026|USTC0001|C09SUBSNR:0 C09SNRARS:1 C30R:22 C3014R:24 C30R:22 C3014R:24 C30R:4 
J4114|U0002|C09SUBSNR:0 C09SNRARS:1 C30R:22 C3014R:24 C30R:22 C3014R:24 C30R:22 C3014R:24 C30R:22 C3014R:24 C30R:22 C3014R:24 C30R:22 C3014R:21 C3011R:20 C4111R:12 
J30835|USTR0001P|C09SUBSNR:0 C09SNRARS:1 C30R:22 C3014R:9 
J4092|ZJDE0003|C09SUBSNR:0 C55:18 
J30026|USTC0001|C09SUBSNR:0 C09SNRARS:1 C30R:22 C3014R:24 C30R:22 C3014R:24 C30R:22 C3014R:24 C30R:22 C3014R:24 C30R:22 C3014R:24 C30R:22 C3014R:24 C30R:22 C3014R:24 C30R:22 C3014R:24 C30R:22 C3014R:2 
J41011||C09SUBSNR:0 C09SNRARS:1 C30R:22 C3014R:4 C4112R:3 
J30835|USTR0001|C09SUBSNR:0 C09SNRARS:1 C30R:22 C3014R:24 C30R:22 C3014R:24 C30R:22 C3014R:24 C30R:22 C3014R:24 C30R:22 C3014R:24 C30R:22 C3014R:24 C30R:22 C3014R:24 C30R:22 C3014R:24 C30R:22 C3014R:24 C30R:22 C3014R:24 C30R:22 C3014R:24 C30R:22 C3014R:24 C30R:22 C3014R:10 
J3002|U0001|C09SUBSNR:0 C09SNRARS:1 C30R:22 C3014R:24 C30R:22 C3014R:24 C30R:22 C3014R:24 C30R:22 C3014R:24 C30R:22 C3014R:24 C30R:22 C3014R:24 C30R:22 C3014R:24 C30R:22 C3014R:24 C30R:22 C3014R:24 C30R:22 C3014R:21 C3011R:2 
J30835|USTR0012P|C09SUBSNR:0 C09SNRARS:1 C30R:22 C3014R:24 C30R:22 C3014R:24 C30R:22 C3014R:24 C30R:22 C3014R:24 C30R:22 C3014R:24 C30R:22 C3014R:24 C30R:22 C3014R:24 C30R:22 C3014R:24 C30R:22 C3014R:24 C30R:22 C3014R:24 C30R:22 C3014R:12 C3031RSI:15 
J4101|U0001|C09SUBSNR:0 C09SNRPC:6 C30PC:24 C41APC:1 
J4101|U0001|C09SUBSNR:0 C09SNRARS:1 C30R:22 C3014R:24 C30R:22 C3014R:24 C30R:22 C3014R:24 C30R:22 C3014R:24 C30R:22 C3014R:24 C30R:22 C3014R:24 C30R:22 C3014R:24 C30R:22 C3014R:24 C30R:22 C3014R:24 C30R:22 C3014R:21 C3011R:20 C4111R:2 
J30820|USTR0001|C09SUBSNR:0 C09SNRARS:1 C30R:22 C3014R:24 C30R:22 C3014R:24 C30R:22 C3014R:24 C30R:22 C3014R:24 C30R:22 C3014R:24 C30R:22 C3014R:24 C30R:22 C3014R:24 C30R:22 C3014R:24 C30R:22 C3014R:8 
J41025||C09SUBSNR:0 C09SNRARS:1 C30R:22 C3014R:24 C30R:22 C3014R:24 C30R:22 C3014R:24 C30R:22 C3014R:24 C30R:22 C3014R:24 C30R:22 C3014R:24 C30R:22 C3014R:24 C30R:22 C3014R:4 C4112R:16 
J41026|U0001|C09SUBSNR:0 C09SNRARS:1 C30R:22 C3014R:24 C30R:22 C3014R:24 C30R:22 C3014R:24 C30R:22 C3014R:24 C30R:22 C3014R:24 C30R:22 C3014R:24 C30R:22 C3014R:24 C30R:22 C3014R:24 C30R:22 C3014R:24 C30R:22 C3014R:24 C30R:22 C3014R:21 C3011R:20 C4111R:3 
J30835|USTR0001P|C09SUBSNR:0 C09SNRARS:1 C30R:22 C3014R:24 C30R:22 C3014R:24 C30R:22 C3014R:24 C30R:22 C3014R:24 C30R:22 C3014R:24 C30R:22 C3014R:24 C30R:22 C3014R:24 C30R:22 C3014R:12 C3031RSI:19 
J41025||C09SUBSNR:0 C09SNRARS:1 C30R:22 C3014R:24 C30R:22 C3014R:24 C30R:22 C3014R:24 C30R:22 C3014R:24 C30R:22 C3014R:24 C30R:22 C3014R:4 C4112R:16 
J3003|U0001|C09SUBSNR:0 C09SNRARS:1 C30R:22 C3014R:24 C30R:22 C3014R:24 C30R:22 C3014R:24 C30R:22 C3014R:24 C30R:22 C3014R:24 C30R:22 C3014R:24 C30R:22 C3014R:24 C30R:22 C3014R:24 C30R:22 C3014R:24 C30R:22 C3014R:24 C30R:22 C3014R:24 C30R:22 C3014R:24 C30R:22 C3014R:24 C30R:14 
J0901||C09SUBSNR:0 C09411ACCT:8 
J3003|U0001|C09SUBSNR:0 C09SNRARS:1 C30R:22 C3014R:24 C30R:22 C3014R:24 C30R:22 C3014R:24 C30R:22 C3014R:24 C30R:22 C3014R:24 C30R:22 C3014R:21 C3011R:14 
J41026|U0001|C09SUBSNR:0 C09SNRARS:1 C30R:22 C3014R:24 C30R:22 C3014R:24 C30R:22 C3014R:24 C30R:22 C3014R:24 C30R:22 C3014R:24 C30R:22 C3014R:24 C30R:22 C3014R:24 C30R:22 C3014R:24 C30R:22 C3014R:21 C3011R:20 C4111R:3 
J41025||C09SUBSNR:0 C09SNRARS:1 C30R:22 C3014R:24 C30R:22 C3014R:24 C30R:22 C3014R:4 C4112R:16 
J0005A|ZJDE0402|C09SUBSNR:0 C55:22 C5501:7 
J4114|U0002|C09SUBSNR:0 C09SNRARS:1 C30R:22 C3014R:24 C30R:22 C3014R:24 C30R:22 C3014R:24 C30R:22 C3014R:21 C3011R:20 C4111R:12 
J4092|ZJDE0002|C09SUBSNR:0 C55:4 
J30835|USTR0012P|C09SUBSNR:0 C09SNRARS:1 C30R:22 C3014R:24 C30R:22 C3014R:24 C30R:22 C3014R:24 C30R:22 C3014R:24 C30R:22 C3014R:24 C30R:22 C3014R:24 C30R:22 C3014R:24 C30R:22 C3014R:24 C30R:22 C3014R:12 C3031RSI:15 
J4114|U0001|C09SUBSNR:0 C09SNRARS:1 C30R:22 C3014R:24 C30R:22 C3014R:21 C3011R:20 C4111R:10 
J30026|USTC0001|C09SUBSNR:0 C09SNRPC:6 C30PC:22 C3014PC:2 
J4101|U0001|C09SUBSNR:0 C09SNRARS:1 C30R:22 C3014R:24 C30R:22 C3014R:24 C30R:22 C3014R:24 C30R:22 C3014R:24 C30R:22 C3014R:24 C30R:22 C3014R:24 C30R:22 C3014R:24 C30R:22 C3014R:24 C30R:22 C3014R:24 C30R:22 C3014R:24 C30R:22 C3014R:4 C4112R:2 
J30820|USTR0001|C09SUBSNR:0 C09SNRARS:1 C30R:22 C3014R:24 C30R:22 C3014R:24 C30R:22 C3014R:24 C30R:22 C3014R:24 C30R:22 C3014R:24 C30R:22 C3014R:24 C30R:22 C3014R:24 C30R:22 C3014R:24 C30R:22 C3014R:24 C30R:22 C3014R:24 C30R:22 C3014R:24 C30R:22 C3014R:24 C30R:22 C3014R:8 
J3003|U0001|C09SUBSNR:0 C09SNRARS:1 C30R:22 C3014R:21 C3011R:14 
J3002|USTC0001O|C09SUBSNR:0 C09SNRPC:6 C30PC:22 C3014PC:9 C3031CPC:7 
J0006AS|ZJDE0001|C09SUBSNR:0 C09411ACCT:3 
J3003|U0001|C09SUBSNR:0 C09SNRARS:1 C30R:22 C3014R:24 C30R:22 C3014R:24 C30R:22 C3014R:21 C3011R:14 
J4114|U0001|C09SUBSNR:0 C09SNRARS:1 C30R:22 C3014R:24 C30R:22 C3014R:24 C30R:22 C3014R:24 C30R:22 C3014R:24 C30R:22 C3014R:24 C30R:22 C3014R:24 C30R:22 C3014R:21 C3011R:20 C4111R:10 
J4016|U0001|C09SUBSNR:0 C09SNRARS:1 C30R:22 C3014R:24 C30R:22 C3014R:24 C30R:22 C3014R:24 C30R:22 C3014R:24 C30R:22 C3014R:24 C30R:22 C3014R:24 C30R:22 C3014R:24 C30R:22 C3014R:4 C4112R:9 
J41026|U0001|C09SUBSNR:0 C09SNRARS:1 C30R:22 C3014R:24 C30R:22 C3014R:24 C30R:22 C3014R:24 C30R:22 C3014R:24 C30R:22 C3014R:24 C30R:22 C3014R:24 C30R:22 C3014R:24 C30R:22 C3014R:24 C30R:22 C3014R:24 C30R:22 C3014R:24 C30R:22 C3014R:4 C4112R:14 
J4101|U0001|C09SUBSNR:0 C09SNRARS:1 C30R:22 C3014R:24 C30R:22 C3014R:24 C30R:22 C3014R:24 C30R:22 C3014R:24 C30R:22 C3014R:24 C30R:22 C3014R:24 C30R:22 C3014R:4 C4112R:2 
J3002|USTC0001O|C09SUBSNR:0 C09SNRARS:1 C30R:22 C3014R:24 C30R:22 C3014R:24 C30R:22 C3014R:24 C30R:22 C3014R:12 C3031RSI:6 
J30026|USTC0001|C09SUBSNR:0 C09SNRARS:1 C30R:22 C3014R:24 C30R:22 C3014R:24 C30R:22 C3014R:24 C30R:22 C3014R:24 C30R:22 C3014R:24 C30R:22 C3014R:24 C30R:22 C3014R:24 C30R:22 C3014R:2 
J41025||C09SUBSNR:0 C09SNRARS:1 C30R:22 C3014R:24 C30R:22 C3014R:24 C30R:22 C3014R:24 C30R:22 C3014R:24 C30R:22 C3014R:24 C30R:22 C3014R:24 C30R:22 C3014R:24 C30R:22 C3014R:24 C30R:22 C3014R:24 C30R:22 C3014R:24 C30R:22 C3014R:4 C4112R:16 
J30026|USTC0001|C09SUBSNR:0 C09SNRARS:1 C30R:22 C3014R:24 C30R:22 C3014R:24 C30R:22 C3014R:24 C30R:22 C3014R:24 C30R:22 C3014R:24 C30R:22 C3014R:24 C30R:22 C3014R:24 C30R:22 C3014R:24 C30R:22 C3014R:24 C30R:22 C3014R:24 C30R:4 
J4101|U0001|C09SUBSNR:0 C09SNRARS:1 C30R:22 C3014R:24 C30R:22 C3014R:24 C30R:22 C3014R:24 C30R:22 C3014R:24 C30R:22 C3014R:24 C30R:22 C3014R:24 C30R:22 C3014R:21 C3011R:20 C4111R:2 
J4105|U0001|C09SUBSNR:0 C09SNRARS:1 C30R:22 C3014R:24 C30R:22 C3014R:24 C30R:22 C3014R:24 C30R:22 C3014R:24 C30R:22 C3014R:24 C30R:22 C3014R:24 C30R:22 C3014R:24 C30R:22 C3014R:24 C30R:22 C3014R:24 C30R:22 C3014R:24 C30R:22 C3014R:24 C30R:22 C3014R:4 C4112R:4 
J4101|U0001|C09SUBSNR:0 C09SNRARS:1 C30R:22 C3014R:24 C30R:22 C3014R:4 C4112R:2 
J3002|U0001|C09SUBSNR:0 C09SNRARS:1 C30R:22 C3014R:24 C30R:22 C3014R:24 C30R:22 C3014R:24 C30R:22 C3014R:24 C30R:22 C3014R:24 C30R:22 C3014R:24 C30R:22 C3014R:21 C3011R:2 
J3002|USTC0001O|C09SUBSNR:0 C09SNRARS:1 C30R:22 C3014R:24 C30R:22 C3014R:24 C30R:22 C3014R:24 C30R:22 C3014R:24 C30R:22 C3014R:24 C30R:22 C3014R:12 C3031RSI:6 
J3114|USTR001|C09SUBSNR:0 C09SNRARS:2 C31R:2 C3115R:3 
J4101|U0001|C09SUBSNR:0 C09SNRARS:1 C30R:22 C3014R:24 C30R:22 C3014R:24 C30R:22 C3014R:24 C30R:22 C3014R:24 C30R:22 C3014R:24 C30R:22 C3014R:24 C30R:22 C3014R:24 C30R:22 C3014R:21 C3011R:20 C4111R:2 
J30026|USTC0001|C09SUBSNR:0 C09SNRARS:1 C30R:22 C3014R:24 C30R:22 C3014R:24 C30R:22 C3014R:24 C30R:22 C3014R:24 C30R:22 C3014R:24 C30R:22 C3014R:24 C30R:22 C3014R:24 C30R:22 C3014R:21 C3011R:3 
J30835|USTR0001|C09SUBSNR:0 C09SNRARS:1 C30R:22 C3014R:24 C30R:22 C3014R:24 C30R:22 C3014R:24 C30R:22 C3014R:24 C30R:22 C3014R:10 
J30835|USTP0012T|C09SUBSNR:0 C09SNRPC:6 C30PC:22 C3014PC:9 C3031CPC:24 
J4116|U0001|C09SUBSNR:0 C09SNRARS:1 C30R:22 C3014R:24 C30R:22 C3014R:24 C30R:22 C3014R:21 C3011R:20 C4111R:11 
J4101|U0001|C09SUBSNR:0 C09SNRARS:1 C30R:22 C3014R:24 C30R:22 C3014R:24 C30R:22 C3014R:24 C30R:22 C3014R:4 C4112R:2 
J30026|USTC0001|C09SUBSNR:0 C09SNRARS:1 C30R:22 C3014R:24 C30R:22 C3014R:24 C30R:22 C3014R:24 C30R:22 C3014R:24 C30R:22 C3014R:24 C30R:22 C3014R:24 C30R:22 C3014R:21 C3011R:3 
J30835|USTR0001|C09SUBSNR:0 C09SNRARS:1 C30R:22 C3014R:12 C3031RSI:20 
J30835|USTR0012|C09SUBSNR:0 C09SNRARS:1 C30R:22 C3014R:24 C30R:22 C3014R:24 C30R:22 C3014R:24 C30R:22 C3014R:24 C30R:22 C3014R:24 C30R:22 C3014R:24 C30R:22 C3014R:24 C30R:22 C3014R:24 C30R:22 C3014R:24 C30R:22 C3014R:12 C3031RSI:16 
J4113|U0001|C09SUBSNR:0 C09SNRARS:1 C30R:22 C3014R:24 C30R:22 C3014R:21 C3011R:20 C4111R:9 
J30026|USTC0001|C09SUBSNR:0 C09SNRARS:1 C30R:22 C3014R:24 C30R:22 C3014R:24 C30R:22 C3014R:24 C30R:22 C3014R:24 C30R:22 C3014R:24 C30R:22 C3014R:24 C30R:22 C3014R:24 C30R:22 C3014R:24 C30R:22 C3014R:24 C30R:22 C3014R:24 C30R:22 C3014R:24 C30R:22 C3014R:24 C30R:22 C3014R:24 C30R:22 C3014R:2 
J4116|U0001|C09SUBSNR:0 C09SNRARS:1 C30R:22 C3014R:24 C30R:22 C3014R:24 C30R:22 C3014R:24 C30R:22 C3014R:24 C30R:22 C3014R:24 C30R:22 C3014R:24 C30R:22 C3014R:24 C30R:22 C3014R:24 C30R:22 C3014R:24 C30R:22 C3014R:21 C3011R:20 C4111R:11 
J3003|U0001|C09SUBSNR:0 C09SNRARS:1 C30R:22 C3014R:24 C30R:22 C3014R:24 C30R:22 C3014R:24 C30R:22 C3014R:24 C30R:22 C3014R:24 C30R:22 C3014R:24 C30R:22 C3014R:24 C30R:22 C3014R:24 C30R:22 C3014R:24 C30R:22 C3014R:24 C30R:22 C3014R:24 C30R:22 C3014R:24 C30R:14 
J41026|U0001|C09SUBSNR:0 C09SNRARS:1 C30R:22 C3014R:24 C30R:22 C3014R:24 C30R:22 C3014R:24 C30R:22 C3014R:24 C30R:22 C3014R:24 C30R:22 C3014R:24 C30R:22 C3014R:24 C30R:22 C3014R:24 C30R:22 C3014R:24 C30R:22 C3014R:4 C4112R:14 
J4114|U0003|C09SUBSNR:0 C09SNRARS:1 C30R:22 C3014R:24 C30R:22 C3014R:24 C30R:22 C3014R:24 C30R:22 C3014R:24 C30R:22 C3014R:24 C30R:22 C3014R:24 C30R:22 C3014R:24 C30R:22 C3014R:21 C3011R:20 C4111R:7 
J4016|U0001|C09SUBSNR:0 C09SNRARS:1 C30R:22 C3014R:24 C30R:22 C3014R:24 C30R:22 C3014R:4 C4112R:9 
J30835|USTR0012P|C09SUBSNR:0 C09SNRARS:1 C30R:22 C3014R:24 C30R:22 C3014R:12 C3031RSI:15 
J3002|USTC0001|C09SUBSNR:0 C09SNRARS:1 C30R:22 C3014R:24 C30R:22 C3014R:24 C30R:22 C3014R:24 C30R:22 C3014R:24 C30R:2 
J4113|U0001|C09SUBSNR:0 C09SNRARS:1 C30R:22 C3014R:24 C30R:22 C3014R:24 C30R:22 C3014R:24 C30R:22 C3014R:24 C30R:22 C3014R:24 C30R:22 C3014R:24 C30R:22 C3014R:24 C30R:22 C3014R:24 C30R:22 C3014R:21 C3011R:20 C4111R:9 
J41026|U0001|C09SUBSNR:0 C09SNRARS:1 C30R:22 C3014R:24 C30R:22 C3014R:24 C30R:22 C3014R:24 C30R:22 C3014R:24 C30R:22 C3014R:24 C30R:22 C3014R:24 C30R:22 C3014R:24 C30R:22 C3014R:24 C30R:22 C3014R:24 C30R:22 C3014R:24 C30R:22 C3014R:24 C30R:22 C3014R:21 C3011R:20 C4111R:3 
J41011||C09SUBSNR:0 C09SNRARS:1 C30R:22 C3014R:24 C30R:22 C3014R:24 C30R:22 C3014R:24 C30R:22 C3014R:24 C30R:22 C3014R:24 C30R:22 C3014R:24 C30R:22 C3014R:24 C30R:22 C3014R:24 C30R:22 C3014R:24 C30R:22 C3014R:24 C30R:22 C3014R:24 C30R:22 C3014R:4 C4112R:3 
J41022||C09SUBSNR:0 C09SNRARS:1 C30R:22 C3014R:24 C30R:22 C3014R:24 C30R:22 C3014R:24 C30R:22 C3014R:24 C30R:22 C3014R:24 C30R:22 C3014R:4 C4112R:15 
J30026|USTC0001|C09SUBSNR:0 C09SNRARS:1 C30R:22 C3014R:24 C30R:22 C3014R:24 C30R:22 C3014R:24 C30R:22 C3014R:24 C30R:22 C3014R:24 C30R:22 C3014R:24 C30R:22 C3014R:24 C30R:22 C3014R:24 C30R:22 C3014R:24 C30R:22 C3014R:24 C30R:22 C3014R:2 
J3003|U0001|C09SUBSNR:0 C09SNRARS:1 C30R:22 C3014R:24 C30R:14 
J30820|USTR0001|C09SUBSNR:0 C09SNRARS:1 C30R:22 C3014R:24 C30R:22 C3014R:24 C30R:22 C3014R:24 C30R:22 C3014R:24 C30R:22 C3014R:24 C30R:22 C3014R:24 C30R:22 C3014R:24 C30R:22 C3014R:24 C30R:22 C3014R:24 C30R:22 C3014R:24 C30R:22 C3014R:8 
J4114|U0003|C09SUBSNR:0 C09SNRARS:1 C30R:22 C3014R:21 C3011R:20 C4111R:7 
J3002|USTC0004|C09SUBSNR:0 C09SNRARS:1 C30R:22 C3014R:24 C30R:22 C3014R:24 C30R:22 C3014R:24 C30R:22 C3014R:24 C30R:22 C3014R:24 C30R:22 C3014R:24 C30R:22 C3014R:24 C30R:3 
J41022||C09SUBSNR:0 C09SNRARS:1 C30R:22 C3014R:24 C30R:22 C3014R:24 C30R:22 C3014R:24 C30R:22 C3014R:24 C30R:22 C3014R:24 C30R:22 C3014R:24 C30R:22 C3014R:24 C30R:22 C3014R:24 C30R:22 C3014R:24 C30R:22 C3014R:24 C30R:22 C3014R:24 C30R:22 C3014R:24 C30R:22 C3014R:4 C4112R:15 
J4016|U0002|C09SUBSNR:0 C09SNRARS:1 C30R:22 C3014R:24 C30R:22 C3014R:24 C30R:22 C3014R:24 C30R:22 C3014R:4 C4112R:8 
J4112|U0001|C09SUBSNR:0 C09SNRARS:1 C30R:22 C3014R:24 C30R:22 C3014R:24 C30R:22 C3014R:24 C30R:22 C3014R:24 C30R:22 C3014R:24 C30R:22 C3014R:24 C30R:22 C3014R:24 C30R:22 C3014R:24 C30R:22 C3014R:24 C30R:22 C3014R:24 C30R:22 C3014R:24 C30R:22 C3014R:24 C30R:22 C3014R:21 C3011R:20 C4111R:8 
J41025||C09SUBSNR:0 C09SNRARS:1 C30R:22 C3014R:4 C4112R:16 
J30835|USTR0012P|C09SUBSNR:0 C09SNRARS:1 C30R:22 C3014R:24 C30R:22 C3014R:24 C30R:22 C3014R:24 C30R:22 C3014R:24 C30R:22 C3014R:24 C30R:22 C3014R:12 C3031RSI:15 
J30835|USTR0001|C09SUBSNR:0 C09SNRARS:1 C30R:22 C3014R:24 C30R:22 C3014R:24 C30R:22 C3014R:24 C30R:22 C3014R:24 C30R:22 C3014R:24 C30R:22 C3014R:10 
J41026|U0001|C09SUBSNR:0 C09SNRARS:1 C30R:22 C3014R:24 C30R:22 C3014R:24 C30R:22 C3014R:24 C30R:22 C3014R:21 C3011R:20 C4111R:3 
J41025||C09SUBSNR:0 C09SNRARS:1 C30R:22 C3014R:24 C30R:22 C3014R:24 C30R:22 C3014R:24 C30R:22 C3014R:4 C4112R:16 
J30835|USTR0012|C09SUBSNR:0 C09SNRARS:1 C30R:22 C3014R:24 C30R:22 C3014R:24 C30R:22 C3014R:24 C30R:22 C3014R:24 C30R:22 C3014R:24 C30R:22 C3014R:24 C30R:22 C3014R:24 C30R:22 C3014R:24 C30R:22 C3014R:24 C30R:22 C3014R:24 C30R:22 C3014R:24 C30R:22 C3014R:12 C3031RSI:16 
J30835|USTR0001P|C09SUBSNR:0 C09SNRARS:1 C30R:22 C3014R:24 C30R:22 C3014R:24 C30R:22 C3014R:9 
J30835|USTR0012P|C09SUBSNR:0 C09SNRARS:1 C30R:22 C3014R:24 C30R:22 C3014R:24 C30R:22 C3014R:24 C30R:22 C3014R:24 C30R:22 C3014R:24 C30R:22 C3014R:24 C30R:22 C3014R:24 C30R:22 C3014R:24 C30R:22 C3014R:24 C30R:22 C3014R:24 C30R:22 C3014R:24 C30R:22 C3014R:12 C3031RSI:15 
J4101|U0001|C09SUBSNR:0 C09SNRARS:1 C30R:22 C3014R:21 C3011R:20 C4111R:2 
J3002|USTC0001|C09SUBSNR:0 C09SNRARS:1 C30R:22 C3014R:24 C30R:22 C3014R:24 C30R:22 C3014R:24 C30R:22 C3014R:24 C30R:22 C3014R:24 C30R:22 C3014R:24 C30R:22 C3014R:24 C30R:22 C3014R:24 C30R:2 
J41026|U0001|C09SUBSNR:0 C09SNRARS:1 C30R:22 C3014R:24 C30R:22 C3014R:4 C4112R:14 
J4114|U0002|C09SUBSNR:0 C09SNRARS:1 C30R:22 C3014R:24 C30R:22 C3014R:24 C30R:22 C3014R:24 C30R:22 C3014R:24 C30R:22 C3014R:24 C30R:22 C3014R:24 C30R:22 C3014R:24 C30R:22 C3014R:24 C30R:22 C3014R:24 C30R:22 C3014R:24 C30R:22 C3014R:24 C30R:22 C3014R:24 C30R:22 C3014R:21 C3011R:20 C4111R:12 
J3002|USTC0004|C09SUBSNR:0 C09SNRARS:1 C30R:22 C3014R:24 C30R:22 C3014R:24 C30R:22 C3014R:24 C30R:3 
J41026|U0001|C09SUBSNR:0 C09SNRARS:1 C30R:22 C3014R:24 C30R:22 C3014R:24 C30R:22 C3014R:24 C30R:22 C3014R:24 C30R:22 C3014R:24 C30R:22 C3014R:24 C30R:22 C3014R:24 C30R:22 C3014R:24 C30R:22 C3014R:24 C30R:22 C3014R:24 C30R:22 C3014R:24 C30R:22 C3014R:4 C4112R:14 
J4101|U0001|C09SUBSNR:0 C09SNRARS:1 C30R:22 C3014R:24 C30R:22 C3014R:24 C30R:22 C3014R:24 C30R:22 C3014R:24 C30R:22 C3014R:24 C30R:22 C3014R:24 C30R:22 C3014R:24 C30R:22 C3014R:24 C30R:22 C3014R:24 C30R:22 C3014R:24 C30R:22 C3014R:24 C30R:22 C3014R:24 C30R:22 C3014R:4 C4112R:2 
J4112|U0001|C09SUBSNR:0 C09SNRARS:1 C30R:22 C3014R:24 C30R:22 C3014R:24 C30R:22 C3014R:24 C30R:22 C3014R:24 C30R:22 C3014R:24 C30R:22 C3014R:21 C3011R:20 C4111R:8 
J3002|USTC0001O|C09SUBSNR:0 C09SNRARS:1 C30R:22 C3014R:24 C30R:22 C3014R:24 C30R:22 C3014R:24 C30R:22 C3014R:24 C30R:22 C3014R:12 C3031RSI:6 
J30835|USTR0001|C09SUBSNR:0 C09SNRARS:1 C30R:22 C3014R:24 C30R:22 C3014R:24 C30R:22 C3014R:12 C3031RSI:20 
J3002|USTC0001|C09SUBSNR:0 C09SNRARS:1 C30R:22 C3014R:24 C30R:22 C3014R:24 C30R:22 C3014R:24 C30R:22 C3014R:24 C30R:22 C3014R:24 C30R:22 C3014R:24 C30R:22 C3014R:24 C30R:22 C3014R:24 C30R:22 C3014R:24 C30R:22 C3014R:24 C30R:22 C3014R:24 C30R:2 
J4016|U0002|C09SUBSNR:0 C09SNRARS:1 C30R:22 C3014R:24 C30R:22 C3014R:4 C4112R:8 
J41026|U0001|C09SUBSNR:0 C09SNRARS:1 C30R:22 C3014R:24 C30R:22 C3014R:24 C30R:22 C3014R:24 C30R:22 C3014R:24 C30R:22 C3014R:24 C30R:22 C3014R:24 C30R:22 C3014R:24 C30R:22 C3014R:21 C3011R:20 C4111R:3 
J30835|USTR0001|C09SUBSNR:0 C09SNRARS:1 C30R:22 C3014R:24 C30R:22 C3014R:24 C30R:22 C3014R:24 C30R:22 C3014R:24 C30R:22 C3014R:24 C30R:22 C3014R:24 C30R:22 C3014R:24 C30R:22 C3014R:24 C30R:22 C3014R:24 C30R:22 C3014R:24 C30R:22 C3014R:10 
J30835|USTR0001|C09SUBSNR:0 C09SNRARS:1 C30R:22 C3014R:24 C30R:22 C3014R:24 C30R:22 C3014R:24 C30R:22 C3014R:24 C30R:22 C3014R:24 C30R:22 C3014R:24 C30R:22 C3014R:24 C30R:22 C3014R:24 C30R:22 C3014R:12 C3031RSI:20 
J4116|USTR0008|C09SUBSNR:0 C09SNRARS:3 C41RTXN:13 
J30835|USTP0012P|C09SUBSNR:0 C09SNRPC:6 C30PC:22 C3014PC:9 C3031CPC:15 
J4116|U0001|C09SUBSNR:0 C09SNRARS:1 C30R:22 C3014R:24 C30R:22 C3014R:24 C30R:22 C3014R:24 C30R:22 C3014R:24 C30R:22 C3014R:24 C30R:22 C3014R:24 C30R:22 C3014R:24 C30R:22 C3014R:21 C3011R:20 C4111R:11 
J41022||C09SUBSNR:0 C09SNRARS:1 C30R:22 C3014R:4 C4112R:15 
J09800|USTC0004|C09SUBSNR:0 C09REVPST:21 
J30835|USTN0001P|C09SUBSNR:0 C09SNRPC:6 C30PC:22 C3014PC:6 
J30026|USTC0001|C09SUBSNR:0 C09SNRARS:1 C30R:22 C3014R:24 C30R:22 C3014R:24 C30R:22 C3014R:2 
J41011||C09SUBSNR:0 C09SNRARS:1 C30R:22 C3014R:24 C30R:22 C3014R:24 C30R:22 C3014R:24 C30R:22 C3014R:4 C4112R:3 
J41026|U0001|C09SUBSNR:0 C09SNRARS:1 C30R:22 C3014R:24 C30R:22 C3014R:24 C30R:22 C3014R:4 C4112R:14 
J4101|U0001|C09SUBSNR:0 C09SNRARS:1 C30R:22 C3014R:24 C30R:22 C3014R:24 C30R:22 C3014R:21 C3011R:20 C4111R:2 
J3002|USTC0004|C09SUBSNR:0 C09SNRARS:1 C30R:22 C3014R:24 C30R:22 C3014R:24 C30R:22 C3014R:24 C30R:22 C3014R:24 C30R:22 C3014R:24 C30R:22 C3014R:24 C30R:22 C3014R:24 C30R:22 C3014R:24 C30R:22 C3014R:24 C30R:3 
J3002|USTC0001O|C09SUBSNR:0 C09SNRARS:1 C30R:22 C3014R:24 C30R:22 C3014R:12 C3031RSI:6 
J30820|USTR0001|C09SUBSNR:0 C09SNRARS:1 C30R:22 C3014R:24 C30R:22 C3014R:24 C30R:22 C3014R:8 
J4114|U0003|C09SUBSNR:0 C09SNRARS:1 C30R:22 C3014R:24 C30R:22 C3014R:24 C30R:22 C3014R:24 C30R:22 C3014R:24 C30R:22 C3014R:24 C30R:22 C3014R:24 C30R:22 C3014R:24 C30R:22 C3014R:24 C30R:22 C3014R:24 C30R:22 C3014R:24 C30R:22 C3014R:24 C30R:22 C3014R:24 C30R:22 C3014R:21 C3011R:20 C4111R:7 
J30026|USTC0001|C09SUBSNR:0 C09SNRARS:1 C30R:22 C3014R:24 C30R:22 C3014R:24 C30R:22 C3014R:24 C30R:22 C3014R:24 C30R:22 C3014R:24 C30R:22 C3014R:24 C30R:22 C3014R:24 C30R:22 C3014R:24 C30R:22 C3014R:24 C30R:22 C3014R:21 C3011R:3 
J3002|U0001|C09SUBSNR:0 C09SNRARS:1 C30R:22 C3014R:24 C30R:22 C3014R:24 C30R:22 C3014R:24 C30R:22 C3014R:24 C30R:22 C3014R:24 C30R:22 C3014R:24 C30R:22 C3014R:24 C30R:22 C3014R:24 C30R:22 C3014R:24 C30R:22 C3014R:24 C30R:22 C3014R:24 C30R:22 C3014R:21 C3011R:2 
J4016|U0001|C09SUBSNR:0 C09SNRARS:1 C30R:22 C3014R:24 C30R:22 C3014R:24 C30R:22 C3014R:24 C30R:22 C3014R:24 C30R:22 C3014R:24 C30R:22 C3014R:24 C30R:22 C3014R:24 C30R:22 C3014R:24 C30R:22 C3014R:4 C4112R:9 
J30835|USTR0012P|C09SUBSNR:0 C09SNRARS:1 C30R:22 C3014R:12 C3031RSI:15 
J30835|USTR0001P|C09SUBSNR:0 C09SNRARS:1 C30R:22 C3014R:24 C30R:22 C3014R:24 C30R:22 C3014R:24 C30R:22 C3014R:24 C30R:22 C3014R:24 C30R:22 C3014R:24 C30R:22 C3014R:24 C30R:22 C3014R:24 C30R:22 C3014R:24 C30R:22 C3014R:24 C30R:22 C3014R:24 C30R:22 C3014R:24 C30R:22 C3014R:9 
J3003|U0001|C09SUBSNR:0 C09SNRARS:1 C30R:22 C3014R:24 C30R:22 C3014R:24 C30R:22 C3014R:24 C30R:22 C3014R:24 C30R:22 C3014R:24 C30R:22 C3014R:24 C30R:22 C3014R:24 C30R:22 C3014R:24 C30R:22 C3014R:24 C30R:22 C3014R:24 C30R:22 C3014R:24 C30R:22 C3014R:21 C3011R:14 
J30835|USTR0001|C09SUBSNR:0 C09SNRARS:1 C30R:22 C3014R:24 C30R:22 C3014R:24 C30R:22 C3014R:24 C30R:22 C3014R:24 C30R:22 C3014R:24 C30R:22 C3014R:24 C30R:22 C3014R:12 C3031RSI:20 
J4114|U0002|C09SUBSNR:0 C09SNRARS:1 C30R:22 C3014R:24 C30R:22 C3014R:24 C30R:22 C3014R:24 C30R:22 C3014R:24 C30R:22 C3014R:24 C30R:22 C3014R:24 C30R:22 C3014R:24 C30R:22 C3014R:24 C30R:22 C3014R:24 C30R:22 C3014R:21 C3011R:20 C4111R:12 
J4101|U0001|C09SUBSNR:0 C09SNRARS:1 C30R:22 C3014R:24 C30R:22 C3014R:24 C30R:22 C3014R:24 C30R:22 C3014R:24 C30R:22 C3014R:24 C30R:22 C3014R:24 C30R:22 C3014R:24 C30R:22 C3014R:24 C30R:22 C3014R:24 C30R:22 C3014R:24 C30R:22 C3014R:21 C3011R:20 C4111R:2 
J4092|ZJDE0001|C09SUBSNR:0 C55:3 
J4112|U0001|C09SUBSNR:0 C09SNRARS:1 C30R:22 C3014R:24 C30R:22 C3014R:24 C30R:22 C3014R:24 C30R:22 C3014R:24 C30R:22 C3014R:24 C30R:22 C3014R:24 C30R:22 C3014R:24 C30R:22 C3014R:21 C3011R:20 C4111R:8 
J30835|USTR0012|C09SUBSNR:0 C09SNRARS:1 C30R:22 C3014R:12 C3031RSI:16 
J30835|USTR0001P|C09SUBSNR:0 C09SNRARS:1 C30R:22 C3014R:24 C30R:22 C3014R:24 C30R:22 C3014R:24 C30R:22 C3014R:24 C30R:22 C3014R:24 C30R:22 C3014R:24 C30R:22 C3014R:24 C30R:22 C3014R:24 C30R:22 C3014R:12 C3031RSI:19 
J3002|USTC0001|C09SUBSNR:0 C09SNRARS:1 C30R:22 C3014R:24 C30R:22 C3014R:24 C30R:22 C3014R:24 C30R:22 C3014R:24 C30R:22 C3014R:24 C30R:22 C3014R:24 C30R:22 C3014R:24 C30R:22 C3014R:24 C30R:22 C3014R:24 C30R:22 C3014R:24 C30R:22 C3014R:24 C30R:22 C3014R:24 C30R:22 C3014R:24 C30R:2 
J4242|USTF0001|C09SUBSNR:0 C09SNRPC:14 C41TXN1PC:14 
J3002|U0001|C09SUBSNR:0 C09SNRARS:1 C30R:22 C3014R:24 C30R:22 C3014R:24 C30R:22 C3014R:24 C30R:22 C3014R:24 C30R:22 C3014R:24 C30R:22 C3014R:21 C3011R:2 
J30820|USTR0001|C09SUBSNR:0 C09SNRARS:1 C30R:22 C3014R:24 C30R:22 C3014R:24 C30R:22 C3014R:24 C30R:22 C3014R:24 C30R:22 C3014R:24 C30R:22 C3014R:24 C30R:22 C3014R:24 C30R:22 C3014R:24 C30R:22 C3014R:24 C30R:22 C3014R:24 C30R:22 C3014R:24 C30R:22 C3014R:24 C30R:22 C3014R:24 C30R:22 C3014R:8 
J4114|U0002|C09SUBSNR:0 C09SNRARS:1 C30R:22 C3014R:24 C30R:22 C3014R:21 C3011R:20 C4111R:12 
J4114|U0003|C09SUBSNR:0 C09SNRARS:1 C30R:22 C3014R:24 C30R:22 C3014R:24 C30R:22 C3014R:24 C30R:22 C3014R:24 C30R:22 C3014R:24 C30R:22 C3014R:24 C30R:22 C3014R:24 C30R:22 C3014R:24 C30R:22 C3014R:24 C30R:22 C3014R:24 C30R:22 C3014R:21 C3011R:20 C4111R:7 
J4114|U0003|C09SUBSNR:0 C09SNRARS:1 C30R:22 C3014R:24 C30R:22 C3014R:24 C30R:22 C3014R:24 C30R:22 C3014R:24 C30R:22 C3014R:24 C30R:22 C3014R:24 C30R:22 C3014R:24 C30R:22 C3014R:24 C30R:22 C3014R:21 C3011R:20 C4111R:7 
J3002|USTC0001|C09SUBSNR:0 C09SNRARS:1 C30R:22 C3014R:24 C30R:22 C3014R:24 C30R:22 C3014R:24 C30R:22 C3014R:24 C30R:22 C3014R:24 C30R:22 C3014R:24 C30R:22 C3014R:24 C30R:22 C3014R:24 C30R:22 C3014R:24 C30R:22 C3014R:24 C30R:22 C3014R:24 C30R:22 C3014R:24 C30R:2 
J30026|USTC0001|C09SUBSNR:0 C09SNRARS:1 C30R:22 C3014R:24 C30R:22 C3014R:24 C30R:22 C3014R:24 C30R:22 C3014R:24 C30R:22 C3014R:24 C30R:22 C3014R:24 C30R:22 C3014R:24 C30R:22 C3014R:24 C30R:22 C3014R:24 C30R:22 C3014R:24 C30R:22 C3014R:24 C30R:22 C3014R:24 C30R:4 
J4101|U0001|C09SUBSNR:0 C09SNRARS:1 C30R:22 C3014R:24 C30R:22 C3014R:24 C30R:22 C3014R:24 C30R:22 C3014R:21 C3011R:20 C4111R:2 
J4101|U0001|C09SUBSNR:0 C55:11 C4112ACCT:2 
J30026|USTC0001|C09SUBSNR:0 C09SNRARS:1 C30R:22 C3014R:24 C30R:22 C3014R:24 C30R:22 C3014R:24 C30R:22 C3014R:24 C30R:22 C3014R:24 C30R:4 
J4112|U0001|C09SUBSNR:0 C09SNRARS:1 C30R:22 C3014R:24 C30R:22 C3014R:24 C30R:22 C3014R:24 C30R:22 C3014R:24 C30R:22 C3014R:21 C3011R:20 C4111R:8 
J41011||C09SUBSNR:0 C55:11 C4112ACCT:3 
J30835|USTR0012P|C09SUBSNR:0 C09SNRARS:1 C30R:22 C3014R:24 C30R:22 C3014R:24 C30R:22 C3014R:24 C30R:22 C3014R:24 C30R:22 C3014R:12 C3031RSI:15 
J4114|U0002|C09SUBSNR:0 C09SNRARS:1 C30R:22 C3014R:24 C30R:22 C3014R:24 C30R:22 C3014R:24 C30R:22 C3014R:24 C30R:22 C3014R:21 C3011R:20 C4111R:12 
J4016|U0002|C09SUBSNR:0 C09SNRARS:1 C30R:22 C3014R:24 C30R:22 C3014R:24 C30R:22 C3014R:24 C30R:22 C3014R:24 C30R:22 C3014R:24 C30R:22 C3014R:24 C30R:22 C3014R:24 C30R:22 C3014R:4 C4112R:8 
J4016|U0001|C09SUBSNR:0 C09SNRARS:1 C30R:22 C3014R:24 C30R:22 C3014R:24 C30R:22 C3014R:24 C30R:22 C3014R:4 C4112R:9 
J4113|U0001|C09SUBSNR:0 C09SNRARS:1 C30R:22 C3014R:21 C3011R:20 C4111R:9 
J3002|USTC0001|C09SUBSNR:0 C09SNRARS:1 C30R:22 C3014R:24 C30R:22 C3014R:24 C30R:22 C3014R:24 C30R:22 C3014R:24 C30R:22 C3014R:24 C30R:22 C3014R:24 C30R:22 C3014R:24 C30R:22 C3014R:24 C30R:22 C3014R:24 C30R:22 C3014R:24 C30R:2 
J4113|U0001|C09SUBSNR:0 C09SNRARS:1 C30R:22 C3014R:24 C30R:22 C3014R:24 C30R:22 C3014R:24 C30R:22 C3014R:24 C30R:22 C3014R:24 C30R:22 C3014R:21 C3011R:20 C4111R:9 
J30820|USTR0001|C09SUBSNR:0 C09SNRARS:1 C30R:22 C3014R:24 C30R:22 C3014R:24 C30R:22 C3014R:24 C30R:22 C3014R:24 C30R:22 C3014R:24 C30R:22 C3014R:24 C30R:22 C3014R:24 C30R:22 C3014R:8 
J30835|USTR0012P|C09SUBSNR:0 C09SNRARS:1 C30R:22 C3014R:24 C30R:22 C3014R:24 C30R:22 C3014R:24 C30R:22 C3014R:24 C30R:22 C3014R:24 C30R:22 C3014R:24 C30R:22 C3014R:12 C3031RSI:15 
J4116|U0001|C09SUBSNR:0 C09SNRARS:1 C30R:22 C3014R:24 C30R:22 C3014R:24 C30R:22 C3014R:24 C30R:22 C3014R:24 C30R:22 C3014R:24 C30R:22 C3014R:24 C30R:22 C3014R:21 C3011R:20 C4111R:11 
J4016|U0002|C09SUBSNR:0 C09SNRARS:1 C30R:22 C3014R:24 C30R:22 C3014R:24 C30R:22 C3014R:24 C30R:22 C3014R:24 C30R:22 C3014R:24 C30R:22 C3014R:24 C30R:22 C3014R:24 C30R:22 C3014R:24 C30R:22 C3014R:4 C4112R:8 
